date,Active_Activity level,Active_Basketball,Active_Bike (commute),Active_Climbing,Active_Cycling,Active_Pushups and Squats,Active_Running,Active_Table Tennis,Active_Walk,Active_Weights,Active_Yoga,Bowel Movements_Number_Bowel_Movements,Creative_Piano,Creative_Writing,Energy_Energy,Lifestyle_Alcohol,Lifestyle_Bowel movement,Lifestyle_Breath,Lifestyle_Breathwork,Lifestyle_Caffeine,Lifestyle_Caffeine after 12pm,Lifestyle_Cold shower,Lifestyle_Commute to Work,Lifestyle_Conditioner,Lifestyle_Drive to work,Lifestyle_Ferry commute,Lifestyle_Get sunlight in the morning,Lifestyle_Gym,Lifestyle_Meditation,Lifestyle_Piano Practiced,Lifestyle_Recreational Weed,Lifestyle_Sauna,Lifestyle_Screen Time,Lifestyle_Screentime 1hr from sleep,Lifestyle_Scrub,Lifestyle_Sex,Lifestyle_Stress,Lifestyle_Time Outside,Lifestyle_Wash hair,Lifestyle_Work,Lifestyle_Work from home,Meds/Supplements_Digestive enzyme (pill),Meds/Supplements_Magnesium (mg),Meds/Supplements_Multivitamin (pill),Meds/Supplements_NAC (mg),Meds/Supplements_Omega-3 (mg),Meds/Supplements_Vitamin C (mg),Meds/Supplements_Vitamin D + K2 (IU),Meds/Supplements_Zinc (30 mg) (mg),Mood_Mood,Nutrition_10g extra carbs (low),Nutrition_20g extra carbs (medium),Nutrition_20g protein,Nutrition_30g extra carbs (high),Nutrition_40g protein or more,Nutrition_65g protein,Nutrition_Dairy,Nutrition_Eat out,Nutrition_Egg,Nutrition_Fast Food,Nutrition_Fish,Nutrition_Fried Food,Nutrition_Gluten,Nutrition_Homemade food only,Nutrition_Juice,Nutrition_Late Meal (close to bed),Nutrition_Plant,Nutrition_Poultry,Nutrition_Protein,Nutrition_Red meat,Nutrition_Sugar,Nutrition_Vegan,Nutrition_⏩ Fasted (Intermittent),Sleep_Blue,Sleep_Device (e.g. phone) in Bed,Sleep_Drink water before bed,Sleep_Early Bedtime,Sleep_Eat 3 hours within sleep,Sleep_Exercise 4 hours before sleep,Sleep_Fan on,Sleep_Individual blanket,Sleep_Late Bedtime,Sleep_Not in Usual Own Bed,Sleep_Read in Bed,Sleep_Screentime 1h from bedtime,Sleep_Thermostat over 23C,Sleep_Weed,Sleep_nan,Sleep quality_Sleep quality,Social_Sociability level,Social_Social interaction quality,Symptom_Acne,Symptom_Allergies,Symptom_Bloating,Symptom_Constipation,Symptom_Dandruff,Symptom_Diarrhea,Symptom_Fatigue,Symptom_Hay Fever,Symptom_Indigestion,Symptom_Sinus congestion,Symptom_Stomachache,Symptom_Voice irritation,Weather_Cloudy,Weather_Cold,Weather_Pollen,Weather_Rain,Weather_Sunny,Weather_Windy,score,deep_sleep,efficiency_x,latency,rem_sleep,restfulness,timing,total_sleep,average_breath,average_heart_rate,average_hrv,awake_time,deep_sleep_duration,efficiency_y,latency_duration,light_sleep_duration,low_battery_alert,lowest_heart_rate,period,readiness_score_delta,rem_sleep_duration,restless_periods,time_in_bed,total_sleep_duration,readiness_activity_balance,readiness_body_temperature,readiness_hrv_balance,readiness_previous_day_activity,readiness_previous_night,readiness_recovery_index,readiness_resting_heart_rate,readiness_sleep_balance,readiness_score,readiness_temperature_deviation,readiness_temperature_trend_deviation
2024-07-06,1,0,0,0,0,0,0,0,0,0,0,0,0,0,3.0,0,1,0,0,0,0,0,1,0,0,0,0,0,0,0,0,0,0,0,0,1,0,0,0,0,0,0,0,1,900,0,1000,5000,0,6.0,0,0,0,0,0,0,0,0,0,0,1,1,0,0,0,1,0,0,1,0,2,0,1,0,1,1,0,0,0,0,0,0,0,0,0,0,0,0,0.0,0,0,0,0,2,0,0,0,1,0,1,0,2,0,0,0,0,0,0,0,85.0,95.0,95.0,81.0,99.0,53.0,66.0,96.0,14.625,54.375,59.0,3301.0,5190.0,90.0,1290.0,16950.0,False,48.0,0.0,0.0,8490.0,475.0,33931.0,30630.0,77.0,100.0,0.0,0.0,86.0,100.0,97.0,0.0,90.0,-0.06,
2024-07-07,2,0,0,0,0,0,0,0,0,0,0,0,0,0,4.0,0,1,0,0,0,0,0,0,0,0,0,0,0,0,0,0,0,2,0,0,0,1,2,0,1,0,0,0,1,900,1500,1000,5000,0,9.0,0,0,0,0,0,0,0,0,0,0,1,1,1,0,0,1,0,0,1,0,2,0,1,0,0,1,0,0,0,0,0,0,0,0,0,0,0,0,0.0,0,0,0,0,0,0,0,0,0,0,0,0,0,0,0,0,0,0,0,0,77.0,72.0,95.0,72.0,96.0,59.0,43.0,88.0,14.875,58.375,67.0,3306.0,3810.0,90.0,330.0,17430.0,False,46.0,1.0,0.0,7020.0,408.0,31566.0,28260.0,93.0,96.0,0.0,100.0,78.0,83.0,91.0,0.0,88.0,-0.36,
2024-07-08,2,0,0,0,0,0,0,0,0,0,0,0,0,0,4.0,0,0,0,0,0,0,0,1,0,0,0,0,0,0,0,0,0,2,0,0,0,1,1,0,2,0,0,0,1,900,1500,1000,5000,0,8.0,0,0,0,0,0,0,0,0,0,0,1,0,1,0,0,0,0,0,2,0,2,0,0,0,0,1,0,0,0,0,0,0,0,0,0,0,0,0,0.0,0,0,0,0,0,0,0,0,0,0,0,0,2,0,0,0,0,0,0,0,70.0,87.0,90.0,91.0,73.0,55.0,83.0,56.0,14.75,55.375,59.0,2911.0,4620.0,88.0,1080.0,10770.0,False,47.0,0.0,0.0,5040.0,347.0,23341.0,20430.0,80.0,100.0,0.0,0.0,70.0,73.0,95.0,0.0,79.0,-0.09,-0.13
2024-07-09,1,0,0,0,0,0,0,0,0,0,0,0,0,0,3.0,0,0,0,0,0,1,0,0,0,0,0,0,0,0,0,0,0,3,1,0,0,2,1,0,2,0,0,0,0,0,0,0,0,0,7.0,0,0,0,0,0,0,0,0,1,0,1,0,0,0,0,0,1,0,2,0,2,0,1,0,0,0,0,0,0,0,0,0,0,0,0,0,0,0,4.0,0,0,0,0,0,0,0,0,0,0,0,0,0,0,0,0,0,0,0,0,78.0,89.0,95.0,91.0,95.0,54.0,77.0,72.0,14.375,54.125,61.0,2584.0,4740.0,90.0,720.0,12990.0,False,46.0,0.0,0.0,6540.0,366.0,26854.0,24270.0,90.0,84.0,0.0,93.0,79.0,85.0,93.0,86.0,87.0,0.28,0.06
2024-07-10,2,0,0,0,0,0,0,0,0,0,0,0,0,0,3.0,0,1,0,0,0,0,0,1,0,0,0,0,0,0,0,0,0,2,1,0,0,2,1,0,3,0,0,0,1,900,1500,1000,5000,0,7.0,0,0,0,0,0,0,1,0,0,0,0,0,0,0,0,0,0,0,1,0,2,0,1,0,0,1,0,0,0,0,0,0,0,0,0,0,0,0,4.0,0,0,0,0,2,0,0,0,0,0,1,0,1,0,0,0,0,0,0,0,67.0,88.0,76.0,67.0,67.0,58.0,61.0,64.0,15.0,64.25,75.0,4858.0,4680.0,82.0,1590.0,13020.0,False,44.0,1.0,0.0,4620.0,236.0,27178.0,22320.0,93.0,100.0,0.0,92.0,65.0,86.0,87.0,70.0,81.0,0.03,0.18
2024-07-12,2,0,0,0,0,0,0,0,0,0,0,0,0,0,3.0,0,1,0,0,0,0,0,0,0,0,0,1,0,0,0,0,0,2,1,0,0,2,1,0,2,0,0,0,1,900,1500,1000,5000,0,8.0,0,0,0,0,0,0,0,0,0,0,0,0,1,0,0,1,0,0,2,0,1,0,0,0,0,0,0,0,0,0,0,0,0,0,0,0,0,0,0.0,0,0,0,0,0,0,0,2,0,0,1,1,0,3,0,0,0,0,0,0,64.0,95.0,65.0,51.0,46.0,60.0,52.0,68.0,14.625,60.0,51.0,7020.0,5400.0,77.0,1980.0,14730.0,False,48.0,2.0,0.0,3150.0,340.0,30300.0,23280.0,98.0,100.0,0.0,99.0,61.0,90.0,100.0,67.0,84.0,0.03,0.01
2024-07-14,2,0,0,0,0,0,0,0,0,0,0,0,0,0,3.0,0,1,0,0,0,0,0,0,0,0,0,1,0,0,0,0,0,1,1,0,0,1,1,0,1,0,0,0,1,900,1500,1000,5000,0,8.0,0,0,0,0,0,0,0,0,0,0,1,0,0,0,0,0,0,1,2,0,2,0,1,0,0,0,0,0,0,0,0,0,0,1,0,0,0,0,4.0,0,0,0,0,0,0,0,1,0,0,0,0,0,2,0,0,0,0,0,0,77.0,89.0,88.0,70.0,69.0,49.0,61.0,91.0,14.625,56.875,56.0,4345.0,4740.0,87.0,1560.0,19560.0,False,47.0,0.0,0.0,4740.0,506.0,33385.0,29040.0,94.0,100.0,90.0,100.0,80.0,100.0,98.0,73.0,89.0,0.06,0.16
2024-07-15,1,0,0,0,0,0,0,0,0,0,0,0,0,0,3.0,0,0,0,0,0,1,0,0,0,0,0,0,0,0,0,0,0,2,1,0,0,2,1,0,2,0,0,0,1,900,1500,1000,5000,0,6.0,0,0,0,0,0,0,0,0,1,0,1,0,0,0,0,1,0,0,2,1,2,0,1,0,0,1,0,0,0,0,0,0,0,0,0,0,0,0,4.0,0,0,0,0,0,0,0,0,0,0,0,0,0,1,0,0,0,0,0,0,84.0,96.0,86.0,81.0,96.0,73.0,30.0,95.0,14.625,57.75,62.0,3360.0,4410.0,88.0,1290.0,15090.0,False,45.0,0.0,0.0,6120.0,281.0,28980.0,25620.0,98.0,100.0,90.0,95.0,77.0,96.0,92.0,69.0,87.0,-0.06,0.08
2024-07-16,0,0,0,0,0,0,0,0,0,0,0,0,0,0,0.0,0,0,0,0,0,0,0,0,0,0,0,0,0,0,0,0,0,0,0,0,0,0,0,0,0,0,0,0,0,0,0,0,0,0,7.0,0,0,0,0,0,0,0,0,0,0,0,0,0,0,0,0,0,0,0,0,0,0,0,0,0,0,0,0,0,0,0,0,0,0,0,0,0,0,0.0,0,0,0,0,0,0,0,0,0,0,0,0,0,0,0,0,0,0,0,0,76.0,82.0,93.0,81.0,82.0,62.0,80.0,72.0,14.875,55.5,55.0,2937.0,4350.0,89.0,1320.0,14460.0,False,48.0,0.0,0.0,5580.0,317.0,27327.0,24390.0,97.0,89.0,89.0,100.0,81.0,85.0,100.0,73.0,88.0,0.2,0.13
2024-07-17,2,0,0,0,0,0,0,0,0,0,0,0,0,0,1.0,0,0,0,0,0,0,0,0,0,1,0,0,0,0,0,0,0,2,1,0,0,3,2,0,3,0,0,0,1,900,1500,1000,5000,0,5.0,0,0,0,0,0,0,0,0,0,0,1,0,0,0,1,0,0,1,2,1,2,0,0,0,0,0,0,0,0,0,0,0,0,0,0,0,0,0,3.0,0,0,0,0,0,0,0,0,0,0,0,1,0,2,0,0,0,0,0,0,76.0,95.0,95.0,78.0,96.0,64.0,47.0,73.0,14.5,54.5,57.0,2807.0,5040.0,90.0,1380.0,12780.0,False,46.0,2.0,0.0,6780.0,351.0,27407.0,24600.0,98.0,100.0,89.0,89.0,79.0,89.0,97.0,75.0,87.0,0.0,0.1
2024-07-19,0,0,0,0,0,0,0,0,0,0,0,0,0,0,0.0,0,0,0,0,0,0,0,0,0,0,0,0,0,0,0,0,0,0,0,0,0,0,0,0,0,0,0,0,0,0,0,0,0,0,8.0,0,0,0,0,0,0,0,0,0,0,0,0,0,0,0,0,0,0,0,0,0,0,0,0,0,0,0,0,0,1,0,0,0,0,1,0,0,0,0.0,0,0,0,0,0,1,0,1,0,0,0,2,0,0,0,0,0,0,0,0,82.0,96.0,97.0,81.0,84.0,60.0,44.0,93.0,14.75,58.25,52.0,2635.0,5460.0,92.0,480.0,18210.0,False,50.0,1.0,0.0,5760.0,424.0,32065.0,29430.0,97.0,89.0,87.0,84.0,87.0,100.0,98.0,79.0,89.0,0.19,0.18
2024-07-20,3,0,0,0,0,0,0,0,0,0,0,0,0,0,3.0,0,1,0,0,0,0,0,0,0,0,0,1,0,0,0,0,0,1,0,0,0,1,3,0,1,0,0,0,1,900,1500,1000,5000,0,8.0,0,0,0,0,0,0,0,0,0,0,0,0,0,0,0,0,0,0,2,0,1,0,0,0,0,1,0,0,0,1,0,0,0,0,1,0,0,0,4.0,0,0,0,0,0,0,0,0,0,0,0,2,1,1,0,0,0,0,0,0,86.0,97.0,88.0,97.0,98.0,67.0,57.0,92.0,14.625,55.875,50.0,2973.0,6210.0,90.0,840.0,13110.0,False,50.0,1.0,0.0,7800.0,382.0,30093.0,27120.0,97.0,100.0,87.0,100.0,87.0,99.0,98.0,76.0,91.0,0.01,0.15
2024-07-21,1,0,0,0,0,0,0,0,0,0,0,0,0,0,3.0,0,0,0,0,0,0,0,0,0,0,0,0,0,0,0,0,0,2,0,0,0,2,1,0,1,0,0,0,1,900,1500,1000,5000,0,7.0,0,0,0,0,0,0,0,0,0,0,1,0,0,1,0,0,1,0,0,0,0,0,1,0,0,0,0,0,0,0,0,0,0,0,1,0,0,0,4.0,0,0,0,0,0,0,0,0,0,0,0,1,0,1,0,0,0,0,0,0,80.0,96.0,65.0,89.0,96.0,50.0,32.0,98.0,14.875,59.75,46.0,9497.0,5670.0,77.0,690.0,18960.0,False,50.0,3.0,0.0,6780.0,513.0,40907.0,31410.0,81.0,73.0,85.0,85.0,84.0,100.0,98.0,86.0,81.0,0.39,0.24
2024-07-22,1,0,0,0,0,0,0,0,0,0,0,0,0,0,3.0,0,1,0,0,0,0,0,0,0,1,0,1,0,0,0,0,0,2,0,0,0,1,1,0,2,0,0,0,0,0,0,0,0,0,5.0,0,0,0,0,0,0,0,0,0,0,0,0,0,1,0,0,0,0,2,0,1,1,1,0,0,1,0,0,0,0,0,0,0,0,1,0,0,0,0.0,0,0,0,0,0,0,0,2,0,0,0,1,0,1,0,0,0,0,0,0,68.0,67.0,83.0,54.0,88.0,66.0,88.0,58.0,14.5,54.625,61.0,3660.0,3600.0,85.0,1890.0,11370.0,False,47.0,0.0,0.0,5970.0,388.0,24600.0,20940.0,94.0,100.0,87.0,100.0,69.0,75.0,100.0,74.0,84.0,0.01,0.17
2024-07-24,1,0,0,0,0,0,0,0,0,0,0,0,0,0,0.0,0,0,0,0,0,0,0,1,0,0,0,0,0,0,0,0,0,1,0,0,0,0,1,0,2,0,0,0,0,0,0,0,0,0,0.0,0,0,0,0,0,0,0,0,1,0,0,0,0,1,1,0,1,0,0,0,2,0,1,0,0,0,0,0,0,0,0,0,0,0,1,0,0,0,0.0,0,0,0,0,0,0,0,0,0,0,0,0,0,0,0,0,0,0,0,0,78.0,67.0,93.0,81.0,96.0,73.0,83.0,71.0,14.5,52.0,69.0,3090.0,3600.0,89.0,510.0,13680.0,False,46.0,0.0,0.0,6750.0,305.0,27120.0,24030.0,86.0,100.0,87.0,0.0,82.0,88.0,98.0,78.0,86.0,-0.1,0.0
2024-07-26,3,0,0,0,0,0,0,0,0,0,0,0,0,0,3.0,0,1,0,0,0,1,0,0,0,0,0,1,0,0,0,0,0,1,0,0,1,1,3,0,0,0,0,0,0,0,0,0,0,0,9.0,0,0,0,0,0,0,1,0,0,0,1,1,1,0,0,1,0,0,2,1,1,0,0,0,0,0,0,0,0,0,0,1,0,0,0,0,0,1,2.0,0,0,0,0,1,0,0,0,0,0,0,1,1,1,0,0,0,0,0,0,77.0,96.0,97.0,70.0,95.0,61.0,52.0,77.0,15.0,55.0,65.0,2170.0,5460.0,92.0,240.0,13500.0,False,46.0,1.0,0.0,6510.0,375.0,27640.0,25470.0,83.0,92.0,88.0,88.0,81.0,17.0,98.0,78.0,79.0,0.16,0.14
2024-07-27,3,0,0,0,0,0,0,0,0,0,0,0,0,0,0.0,1,0,0,0,0,0,0,0,0,0,0,0,0,0,0,0,0,1,0,0,0,1,3,0,0,0,0,0,0,0,0,0,0,0,0.0,0,0,0,0,0,0,1,0,1,0,1,1,0,0,0,0,0,0,2,1,1,0,1,0,0,0,0,0,0,0,0,0,0,0,0,0,0,0,0.0,0,0,0,0,0,0,0,0,2,0,0,1,0,2,0,0,0,0,0,0,76.0,82.0,86.0,59.0,95.0,59.0,18.0,96.0,14.875,54.0,65.0,5086.0,4380.0,86.0,1800.0,19680.0,False,47.0,0.0,0.0,6540.0,522.0,35686.0,30600.0,95.0,79.0,88.0,88.0,81.0,86.0,100.0,84.0,88.0,0.31,0.26
2024-07-28,3,0,0,0,0,0,0,0,0,0,0,0,0,0,1.0,0,0,0,0,0,0,0,0,0,0,0,0,0,0,0,0,0,1,0,0,0,1,3,0,0,0,0,0,0,0,0,0,0,0,6.5,0,0,0,0,0,0,1,0,0,0,1,0,0,0,0,0,0,0,2,1,1,0,1,0,0,0,0,0,0,1,0,0,0,0,1,0,0,0,4.0,0,0,0,0,1,1,0,0,2,0,0,0,1,0,0,0,0,0,0,0,75.0,95.0,93.0,89.0,98.0,62.0,7.0,78.0,15.0,54.875,49.0,3060.0,5040.0,89.0,690.0,12630.0,False,49.0,1.0,0.0,8070.0,400.0,28800.0,25740.0,84.0,100.0,87.0,87.0,78.0,54.0,100.0,76.0,81.0,-0.02,0.17
2024-07-29,2,0,0,0,0,0,0,0,0,0,0,0,0,0,3.0,0,1,0,0,0,0,0,0,0,0,0,0,0,0,0,0,0,0,0,0,0,1,2,0,0,0,0,0,0,0,0,1000,0,0,7.0,0,0,0,0,0,0,0,0,0,0,0,0,1,0,0,1,0,1,1,1,1,0,0,0,0,0,0,0,0,1,0,0,0,0,0,0,0,0,0.0,0,0,0,0,1,0,0,0,0,0,1,1,1,2,0,0,0,0,0,0,75.0,75.0,88.0,72.0,63.0,75.0,52.0,81.0,15.25,58.75,56.0,3930.0,3990.0,87.0,1500.0,18210.0,False,49.0,2.0,0.0,4290.0,299.0,30420.0,26490.0,95.0,94.0,89.0,97.0,80.0,99.0,100.0,83.0,89.0,0.14,0.13
2024-07-30,0,0,0,0,0,0,0,0,0,0,0,0,0,0,0.0,0,0,0,0,0,0,0,0,0,0,0,0,0,0,0,0,0,0,0,0,0,0,0,0,0,0,0,0,0,0,0,0,0,0,6.0,0,0,0,0,0,0,0,0,0,0,0,0,0,0,0,0,0,0,0,0,0,0,0,0,0,0,0,0,0,0,0,0,0,0,0,0,0,0,0.0,0,0,0,0,0,0,0,0,0,0,0,3,0,3,0,0,0,0,0,0,72.0,61.0,55.0,78.0,78.0,35.0,40.0,100.0,16.25,72.125,30.0,13350.0,3240.0,73.0,450.0,27060.0,False,62.0,0.0,0.0,5310.0,752.0,48960.0,35610.0,89.0,1.0,76.0,97.0,76.0,100.0,21.0,94.0,48.0,2.25,0.97
2024-07-31,2,0,0,0,0,0,0,0,0,0,0,0,0,0,3.0,0,0,0,0,0,0,0,0,0,0,0,1,0,0,0,0,0,1,0,0,0,1,1,0,1,0,0,0,0,0,0,1000,0,0,6.0,0,0,0,0,0,0,0,0,1,0,1,0,0,0,0,0,0,1,1,0,2,0,0,0,0,0,0,0,0,0,0,0,0,0,0,0,0,0,0.0,0,0,0,0,0,0,0,0,3,0,1,2,0,3,0,0,0,0,0,0,45.0,1.0,58.0,70.0,29.0,48.0,28.0,54.0,18.125,83.5,16.0,6895.0,60.0,74.0,270.0,17970.0,False,75.0,1.0,0.0,2010.0,338.0,26935.0,20040.0,94.0,1.0,64.0,98.0,37.0,88.0,1.0,75.0,35.0,3.36,2.29
2024-08-01,1,0,0,0,0,0,0,0,0,0,0,0,0,0,0.0,0,0,0,0,0,0,0,0,0,0,0,0,0,0,0,0,0,2,0,0,0,0,1,0,2,0,0,0,0,0,0,0,0,0,5.0,0,0,0,0,0,0,0,0,1,0,0,0,0,0,0,0,0,0,2,0,1,0,0,0,0,0,0,0,0,0,0,0,0,0,0,0,0,0,0.0,0,0,0,0,0,0,0,2,1,0,1,3,0,1,0,0,0,0,0,0,63.0,11.0,53.0,67.0,37.0,46.0,54.0,98.0,17.75,77.0,28.0,12030.0,600.0,72.0,1620.0,28320.0,False,56.0,0.0,0.0,2550.0,582.0,43500.0,31470.0,98.0,1.0,65.0,100.0,64.0,18.0,60.0,98.0,47.0,3.6,3.25
2024-08-02,1,0,0,0,0,0,0,0,0,0,0,0,0,0,0.0,0,0,0,0,0,0,0,0,0,0,0,1,0,0,0,0,0,0,0,0,0,1,1,0,1,0,0,0,1,900,1500,1000,5000,0,5.0,0,0,0,0,0,0,1,0,0,0,0,0,1,0,0,0,0,0,2,0,1,0,0,0,0,0,0,0,0,0,0,0,0,0,0,0,0,0,0.0,0,0,0,0,0,0,0,2,2,0,1,3,1,2,0,0,0,0,0,0,49.0,17.0,21.0,70.0,51.0,23.0,74.0,63.0,16.75,76.25,39.0,15826.0,690.0,56.0,1560.0,15510.0,False,57.0,1.0,0.0,3540.0,400.0,35566.0,19740.0,98.0,1.0,50.0,94.0,36.0,12.0,55.0,76.0,39.0,2.92,3.3
2024-08-03,1,0,0,0,0,0,0,0,0,0,0,0,0,0,0.0,0,0,0,0,0,0,0,0,0,0,0,0,0,0,0,0,0,2,0,0,0,1,1,0,1,0,0,0,1,900,1500,1000,5000,0,5.0,0,0,0,0,0,0,0,0,0,0,1,0,1,0,0,0,0,0,2,0,1,0,0,0,0,0,0,0,0,0,1,0,0,0,1,0,0,0,0.0,0,0,0,0,1,0,0,2,2,0,0,3,0,2,0,0,0,0,0,0,64.0,56.0,44.0,15.0,100.0,27.0,24.0,100.0,16.875,68.25,41.0,20250.0,2760.0,63.0,3300.0,24330.0,False,56.0,0.0,0.0,6660.0,756.0,54000.0,33750.0,95.0,1.0,42.0,99.0,57.0,63.0,61.0,96.0,49.0,2.1,2.74
2024-08-03,1,0,0,0,0,0,0,0,0,0,0,0,0,0,0.0,0,0,0,0,0,0,0,0,0,0,0,0,0,0,0,0,0,2,0,0,0,1,1,0,1,0,0,0,1,900,1500,1000,5000,0,5.0,0,0,0,0,0,0,0,0,0,0,1,0,1,0,0,0,0,0,2,0,1,0,0,0,0,0,0,0,0,0,1,0,0,0,1,0,0,0,0.0,0,0,0,0,1,0,0,2,2,0,0,3,0,2,0,0,0,0,0,0,64.0,56.0,44.0,15.0,100.0,27.0,24.0,100.0,16.625,62.25,54.0,2717.0,240.0,83.0,300.0,9180.0,False,56.0,1.0,5.0,3780.0,305.0,15917.0,13200.0,95.0,33.0,48.0,99.0,23.0,31.0,61.0,74.0,54.0,0.87,2.24
2024-08-05,1,0,0,0,0,0,0,0,0,0,0,0,0,0,3.0,0,1,0,0,0,0,0,0,0,0,0,0,0,0,0,0,0,0,0,0,0,2,1,0,1,0,0,0,1,900,1500,1000,5000,0,5.0,0,0,0,0,0,0,0,0,0,0,0,0,0,0,0,0,0,1,2,0,1,0,1,0,0,0,0,0,0,0,0,0,0,0,0,0,0,0,0.0,0,0,0,0,2,2,0,0,1,0,0,2,1,1,0,0,0,0,0,0,72.0,65.0,51.0,72.0,92.0,37.0,34.0,100.0,17.375,68.375,39.0,13795.0,3480.0,71.0,1470.0,23490.0,False,60.0,1.0,0.0,6270.0,702.0,47035.0,33240.0,90.0,1.0,42.0,81.0,75.0,100.0,38.0,94.0,48.0,1.6,1.78
2024-08-06,0,0,0,0,0,0,0,0,0,0,0,0,0,0,2.0,0,0,0,0,0,0,0,0,0,0,0,0,0,0,0,0,0,0,0,0,0,0,0,0,0,0,0,0,0,0,0,0,0,0,5.0,0,0,0,0,0,0,0,0,0,0,0,0,0,0,0,0,0,0,0,0,0,0,0,1,0,0,0,0,0,0,0,0,0,0,0,0,0,0,0.0,0,0,0,0,2,0,0,0,0,0,0,2,0,1,0,0,0,0,0,0,71.0,64.0,62.0,78.0,38.0,65.0,41.0,93.0,17.625,66.125,39.0,3961.0,2370.0,80.0,1380.0,12450.0,False,61.0,0.0,0.0,1440.0,325.0,20221.0,16260.0,86.0,1.0,43.0,100.0,43.0,31.0,34.0,75.0,36.0,1.94,1.79
2024-08-06,0,0,0,0,0,0,0,0,0,0,0,0,0,0,2.0,0,0,0,0,0,0,0,0,0,0,0,0,0,0,0,0,0,0,0,0,0,0,0,0,0,0,0,0,0,0,0,0,0,0,5.0,0,0,0,0,0,0,0,0,0,0,0,0,0,0,0,0,0,0,0,0,0,0,0,1,0,0,0,0,0,0,0,0,0,0,0,0,0,0,0.0,0,0,0,0,2,0,0,0,0,0,0,2,0,1,0,0,0,0,0,0,71.0,64.0,62.0,78.0,38.0,65.0,41.0,93.0,16.875,57.5,59.0,5430.0,1050.0,71.0,2070.0,11100.0,False,52.0,1.0,26.0,1200.0,295.0,18780.0,13350.0,86.0,24.0,52.0,100.0,21.0,50.0,88.0,71.0,62.0,0.98,1.31
2024-08-08,2,0,0,0,0,0,0,0,0,0,0,0,0,0,0.0,0,0,0,0,0,0,0,0,0,1,0,1,0,0,0,0,0,2,0,0,0,2,1,0,1,0,0,0,1,900,1500,1000,5000,0,0.0,0,0,0,0,0,0,0,0,0,0,1,0,0,0,0,0,0,0,2,0,2,0,0,0,0,0,0,0,0,0,0,0,0,0,0,0,0,0,0.0,0,0,0,0,0,0,0,1,0,0,0,2,0,0,0,0,0,0,0,0,80.0,98.0,53.0,22.0,88.0,58.0,95.0,100.0,17.375,58.5,57.0,11211.0,6810.0,74.0,2760.0,19710.0,False,53.0,0.0,0.0,5010.0,465.0,42741.0,31530.0,88.0,10.0,54.0,91.0,84.0,100.0,82.0,87.0,62.0,1.14,1.18
2024-08-09,1,0,0,0,0,0,0,0,0,0,0,0,0,0,0.0,0,0,0,0,0,0,0,0,0,0,0,0,0,0,0,0,0,2,0,0,0,2,1,0,2,0,0,0,1,900,1500,1000,5000,0,6.0,0,0,0,0,0,0,0,0,0,0,1,0,0,0,0,0,0,1,2,0,1,0,1,0,0,0,0,0,0,0,0,0,0,0,0,0,0,0,0.0,0,0,0,0,0,0,0,0,0,0,0,0,0,0,0,0,0,0,0,0,64.0,70.0,76.0,81.0,56.0,53.0,26.0,73.0,16.5,57.375,52.0,5317.0,3690.0,82.0,480.0,16980.0,False,49.0,3.0,0.0,3870.0,357.0,29857.0,24540.0,81.0,58.0,62.0,89.0,66.0,100.0,100.0,73.0,76.0,0.57,0.87
2024-08-10,1,0,0,0,0,0,0,0,0,0,0,0,0,0,0.0,0,1,0,0,0,0,0,0,0,0,0,0,0,0,0,0,0,2,0,0,0,3,1,0,2,0,0,0,1,900,1500,1000,5000,0,6.0,0,0,0,0,0,0,0,0,0,0,1,0,1,0,1,0,0,1,2,0,2,0,0,0,0,0,0,0,0,0,1,0,0,0,0,0,0,0,0.0,0,0,0,0,0,0,0,1,0,0,0,1,1,0,0,0,0,0,0,0,79.0,70.0,60.0,97.0,89.0,59.0,37.0,100.0,16.875,60.375,53.0,11190.0,3720.0,75.0,870.0,24150.0,False,50.0,0.0,0.0,6060.0,386.0,45120.0,33930.0,82.0,72.0,69.0,91.0,86.0,100.0,100.0,90.0,81.0,0.41,0.65
2024-08-11,0,0,0,0,0,0,0,0,0,0,0,0,0,0,3.0,0,0,0,0,0,0,0,0,0,0,0,0,0,0,0,0,0,0,0,0,0,0,0,0,0,0,0,0,0,0,0,0,0,0,7.0,0,0,0,0,0,0,0,0,0,0,0,0,0,0,0,0,0,0,0,0,0,0,0,0,1,0,0,0,0,0,1,0,0,0,1,0,0,0,0.0,0,0,0,0,0,0,0,2,0,0,0,1,1,0,0,0,0,0,0,0,82.0,95.0,86.0,91.0,74.0,70.0,51.0,92.0,16.5,56.875,49.0,4950.0,5160.0,86.0,1050.0,18960.0,False,51.0,1.0,0.0,5070.0,373.0,34140.0,29190.0,81.0,59.0,71.0,90.0,90.0,100.0,93.0,81.0,79.0,0.57,0.54
2024-08-12,1,0,0,0,0,0,0,0,0,0,0,0,0,0,0.0,0,1,0,0,0,0,0,0,0,0,0,0,0,0,0,0,0,2,0,0,0,2,1,0,1,0,0,0,1,900,1500,1000,5000,0,7.0,0,0,0,0,0,0,0,0,0,0,1,0,0,0,0,0,0,1,2,0,1,0,1,0,0,0,0,0,0,1,1,0,0,0,1,0,0,0,0.0,0,0,0,0,0,0,0,1,0,0,0,1,0,0,0,0,0,0,0,0,87.0,95.0,88.0,94.0,82.0,74.0,71.0,93.0,16.625,55.5,55.0,4555.0,5040.0,87.0,990.0,18930.0,False,50.0,1.0,0.0,5550.0,364.0,34075.0,29520.0,84.0,76.0,78.0,92.0,96.0,61.0,99.0,89.0,84.0,0.36,0.49
2024-08-13,1,0,0,0,0,0,0,0,0,0,0,0,0,0,2.0,0,1,0,0,0,0,0,1,0,0,0,1,0,0,0,0,0,2,0,0,0,2,1,0,2,0,0,0,1,900,1500,1000,5000,0,6.0,0,0,0,0,0,0,0,0,1,0,0,0,0,0,0,1,0,1,1,0,2,0,0,0,0,0,0,0,0,0,0,0,0,0,0,0,0,0,0.0,0,0,0,0,0,0,0,2,1,0,1,1,1,0,0,0,0,0,0,0,72.0,58.0,95.0,56.0,73.0,60.0,68.0,80.0,16.875,55.75,51.0,2850.0,3090.0,90.0,1860.0,18210.0,False,49.0,0.0,0.0,5010.0,339.0,29160.0,26310.0,83.0,100.0,78.0,90.0,76.0,95.0,100.0,88.0,84.0,0.06,0.33
2024-08-14,2,0,0,0,0,0,0,0,0,0,0,0,0,0,1.0,0,0,0,0,0,0,0,1,0,0,0,1,0,0,0,0,0,2,0,0,0,2,1,0,2,0,0,0,1,900,1500,1000,5000,0,6.0,0,0,0,0,0,0,0,0,0,0,0,0,1,0,1,0,0,0,2,0,2,0,0,0,0,1,0,0,0,0,1,0,0,1,1,0,0,0,0.0,0,0,0,0,0,0,0,0,1,0,0,1,0,0,0,0,0,0,0,0,90.0,87.0,97.0,89.0,95.0,74.0,100.0,92.0,16.0,54.625,66.0,2635.0,4620.0,92.0,690.0,17910.0,False,47.0,0.0,0.0,6690.0,416.0,31855.0,29220.0,84.0,99.0,86.0,90.0,100.0,78.0,100.0,93.0,89.0,0.08,0.17
2024-08-15,2,0,0,0,0,0,0,0,0,0,0,0,0,0,3.0,0,0,0,0,0,0,0,1,0,0,0,1,0,0,0,0,0,1,0,0,0,2,1,0,3,0,0,0,1,900,1500,1000,5000,0,5.0,0,0,0,0,0,0,0,0,1,0,0,0,0,1,1,0,1,0,2,0,2,0,0,0,0,0,0,0,0,0,0,0,0,0,0,0,0,0,0.0,0,0,0,0,0,0,0,1,0,0,0,1,0,1,0,0,0,0,0,0,85.0,63.0,93.0,81.0,82.0,66.0,100.0,95.0,16.25,54.875,65.0,3750.0,3330.0,89.0,1320.0,21090.0,False,47.0,1.0,0.0,5610.0,464.0,33780.0,30030.0,92.0,66.0,86.0,84.0,94.0,38.0,100.0,92.0,80.0,0.47,0.27
2024-08-16,1,0,0,0,0,0,0,0,0,0,0,0,0,0,3.0,0,0,0,0,0,0,0,0,0,0,0,0,0,0,0,0,0,2,0,0,0,2,1,0,2,0,0,0,0,0,0,0,0,0,6.0,0,0,0,0,0,0,0,0,0,0,0,0,0,0,0,0,0,0,0,0,0,0,0,0,0,0,0,0,0,0,0,0,0,0,0,0,0,0,0.0,0,0,0,0,0,0,0,0,0,0,0,1,0,1,0,0,0,0,0,0,90.0,97.0,95.0,86.0,95.0,63.0,80.0,100.0,15.625,56.5,51.0,3870.0,6690.0,90.0,1200.0,20400.0,False,51.0,0.0,0.0,6600.0,494.0,37560.0,33690.0,89.0,94.0,86.0,95.0,100.0,100.0,91.0,96.0,91.0,0.14,0.31
2024-08-17,2,0,0,0,0,0,0,0,0,0,0,0,0,0,2.0,0,1,0,0,0,0,0,0,0,0,0,0,0,0,0,0,0,1,0,0,0,1,2,0,0,0,0,0,1,900,1500,1000,5000,0,7.0,0,0,0,0,0,0,0,0,0,0,1,0,0,1,0,0,0,0,2,0,2,0,0,0,0,1,0,0,0,0,1,0,0,0,0,0,0,0,0.0,0,0,0,0,0,2,0,0,1,0,0,0,0,0,0,0,0,0,0,0,77.0,96.0,88.0,51.0,96.0,51.0,57.0,86.0,15.25,55.0,55.0,4223.0,5880.0,87.0,1950.0,14730.0,False,50.0,0.0,0.0,7080.0,444.0,31913.0,27690.0,93.0,85.0,89.0,92.0,80.0,78.0,97.0,92.0,88.0,0.24,0.29
2024-08-18,2,0,0,0,0,0,0,0,0,0,0,0,0,0,3.0,0,1,0,0,0,0,0,0,0,0,0,1,0,0,0,0,0,1,0,0,0,3,2,0,0,0,0,0,1,900,1500,1000,5000,0,4.0,0,0,0,0,0,0,0,0,0,0,1,0,0,1,0,0,0,0,2,0,1,0,1,0,0,1,0,0,0,0,1,0,0,0,1,0,0,0,0.0,0,0,0,0,0,0,0,0,1,0,0,0,0,1,0,0,0,0,0,0,73.0,84.0,76.0,5.0,97.0,73.0,25.0,94.0,15.125,53.625,59.0,6750.0,4440.0,82.0,3990.0,17790.0,False,49.0,0.0,0.0,7620.0,397.0,36600.0,29850.0,97.0,88.0,89.0,92.0,76.0,100.0,100.0,99.0,91.0,0.21,0.26
2024-08-19,2,0,0,0,0,0,0,0,0,0,0,0,0,0,3.0,0,0,0,0,0,0,0,0,0,1,0,1,0,0,0,0,0,3,0,0,0,2,1,0,2,0,0,0,1,900,1500,1000,5000,0,7.0,0,0,0,0,0,0,0,0,0,0,1,0,0,1,0,0,0,1,2,0,2,0,1,0,0,0,0,0,0,0,0,0,0,0,0,0,0,0,0.0,0,0,0,0,0,0,0,0,1,0,0,0,0,0,0,0,0,0,0,0,78.0,97.0,90.0,86.0,51.0,58.0,100.0,77.0,15.625,56.625,54.0,3453.0,6420.0,88.0,630.0,15600.0,False,48.0,0.0,0.0,3510.0,382.0,28983.0,25530.0,97.0,85.0,88.0,100.0,84.0,46.0,100.0,93.0,87.0,0.25,0.28
2024-08-20,2,0,0,0,0,0,0,0,0,0,0,0,0,0,3.0,0,0,0,0,0,0,1,0,0,0,0,1,0,0,0,0,0,3,0,0,0,2,2,0,3,0,0,0,1,900,1500,1000,5000,0,7.0,0,0,0,0,0,0,0,0,0,0,1,0,0,1,0,0,0,1,2,0,2,0,1,0,0,0,0,0,0,0,1,0,0,0,1,0,0,0,0.0,0,0,0,0,0,0,0,0,0,0,0,1,0,0,0,0,0,0,0,0,73.0,84.0,88.0,83.0,75.0,63.0,64.0,69.0,14.875,53.25,61.0,3480.0,4410.0,87.0,540.0,14130.0,False,46.0,0.0,0.0,5160.0,373.0,27180.0,23700.0,98.0,98.0,90.0,81.0,77.0,86.0,98.0,93.0,88.0,0.09,0.19
2024-08-21,1,0,0,0,0,0,0,0,0,0,0,0,0,0,0.0,0,0,0,0,0,0,0,1,0,0,0,1,0,0,0,0,0,3,0,0,0,2,1,0,2,0,0,0,0,0,0,0,0,0,7.0,0,0,0,0,0,0,0,0,0,0,0,0,0,1,1,0,0,1,2,0,2,0,1,0,0,0,0,0,0,0,1,0,0,0,1,0,0,0,0.0,0,0,0,0,0,2,0,0,0,0,0,1,0,0,0,0,0,0,0,0,69.0,96.0,79.0,37.0,76.0,67.0,60.0,69.0,14.625,54.625,55.0,4765.0,5550.0,83.0,2250.0,12720.0,False,47.0,1.0,0.0,5220.0,326.0,28255.0,23490.0,100.0,97.0,88.0,83.0,72.0,82.0,100.0,90.0,87.0,0.1,0.14
2024-08-22,2,0,0,0,0,0,0,0,0,0,0,0,0,0,3.0,0,1,0,0,0,0,0,1,0,0,0,1,0,0,0,0,0,2,0,0,0,2,2,0,2,0,0,0,0,0,0,0,0,0,7.0,0,0,0,0,0,0,1,0,0,0,0,0,0,0,1,0,0,1,2,0,0,0,0,0,0,0,0,0,0,0,0,0,0,0,0,0,0,0,0.0,0,0,0,0,0,2,0,0,0,0,0,1,0,0,0,0,0,0,0,0,89.0,94.0,93.0,99.0,100.0,52.0,84.0,98.0,14.75,55.375,60.0,3840.0,4950.0,89.0,900.0,17790.0,False,48.0,0.0,0.0,8820.0,555.0,35400.0,31560.0,100.0,100.0,90.0,87.0,98.0,100.0,100.0,93.0,94.0,0.04,0.09
2024-08-24,2,0,0,0,0,0,0,0,0,0,0,0,0,0,0.0,0,1,0,0,0,0,0,0,0,0,0,0,0,0,0,0,0,1,0,0,1,1,0,0,0,0,0,0,0,0,0,0,0,0,8.0,0,0,0,0,0,0,0,0,1,0,0,0,0,1,1,0,0,0,0,0,0,0,1,0,0,0,0,0,0,0,0,0,0,0,0,0,0,0,0.0,0,0,0,0,0,0,0,0,0,0,0,0,0,0,0,0,0,0,0,0,72.0,78.0,81.0,72.0,69.0,69.0,58.0,75.0,16.0,57.625,52.0,4764.0,4140.0,84.0,1470.0,16290.0,False,52.0,1.0,0.0,4740.0,271.0,29934.0,25170.0,98.0,78.0,89.0,93.0,77.0,99.0,81.0,84.0,87.0,0.33,0.3
2024-08-26,2,0,0,0,0,0,0,0,0,0,0,0,0,0,3.0,0,1,0,0,0,0,1,0,0,1,0,1,0,0,0,0,0,3,0,0,0,2,2,0,3,0,0,0,1,900,1500,1000,5000,0,7.0,0,0,0,0,0,0,1,0,1,0,0,0,0,1,0,0,1,0,0,0,1,0,0,0,0,0,0,0,0,0,0,0,0,0,0,0,0,0,0.0,0,0,0,0,0,0,0,0,1,0,0,1,0,0,0,0,0,0,0,0,69.0,75.0,86.0,29.0,79.0,57.0,93.0,69.0,15.0,54.125,60.0,3750.0,3990.0,86.0,2430.0,14310.0,False,47.0,2.0,0.0,5370.0,317.0,27420.0,23670.0,88.0,100.0,87.0,78.0,72.0,84.0,100.0,83.0,84.0,0.02,0.15
2024-08-27,2,0,0,0,0,0,0,0,0,0,0,0,0,0,0.0,0,0,0,0,0,0,0,0,0,1,0,1,0,0,0,0,0,2,0,0,0,2,1,0,2,0,0,0,0,0,0,0,0,0,6.0,0,0,0,0,0,0,0,0,0,0,0,0,1,0,0,0,0,0,2,0,2,0,0,0,0,0,0,0,0,0,0,0,0,0,0,0,0,0,0.0,0,0,0,0,0,0,0,0,0,0,0,1,0,1,0,0,0,0,0,0,73.0,98.0,76.0,48.0,87.0,69.0,69.0,71.0,15.125,53.125,65.0,5370.0,7470.0,82.0,2010.0,10620.0,False,45.0,0.0,0.0,5940.0,322.0,29400.0,24030.0,96.0,96.0,88.0,78.0,76.0,96.0,96.0,84.0,87.0,0.11,0.09
2024-08-28,1,0,0,0,0,0,0,0,0,0,0,0,0,0,0.0,0,1,0,0,0,0,0,0,0,0,0,1,0,0,0,0,0,2,0,0,0,2,1,0,0,0,0,0,0,0,0,0,0,0,7.0,0,0,0,0,0,0,0,0,1,0,0,0,1,0,1,0,0,1,2,0,2,0,0,0,0,0,0,0,0,0,0,0,0,0,0,0,0,0,0.0,0,0,0,0,0,0,0,0,0,0,0,1,0,1,0,0,0,0,0,0,85.0,95.0,93.0,94.0,95.0,63.0,84.0,83.0,15.125,56.25,52.0,3300.0,5310.0,89.0,1020.0,15270.0,False,49.0,0.0,0.0,6600.0,427.0,30480.0,27180.0,92.0,81.0,86.0,83.0,92.0,100.0,99.0,84.0,90.0,0.3,0.18
2024-08-29,0,0,0,0,0,0,0,0,0,0,0,0,0,0,0.0,0,1,0,0,0,0,0,1,0,0,0,1,0,0,0,0,0,2,0,0,0,2,2,0,0,0,0,0,0,0,0,0,0,0,7.0,0,0,0,0,0,0,0,0,0,0,0,0,0,0,0,0,0,0,0,0,0,0,0,0,0,0,0,0,0,0,0,0,0,0,0,0,0,0,0.0,0,0,0,0,0,0,0,0,0,0,0,1,0,1,0,0,0,0,0,0,75.0,80.0,79.0,83.0,87.0,69.0,67.0,70.0,14.625,54.25,56.0,4950.0,4230.0,83.0,1230.0,13740.0,False,49.0,0.0,0.0,5940.0,302.0,28860.0,23910.0,89.0,100.0,89.0,83.0,79.0,96.0,99.0,76.0,87.0,0.01,0.16
2024-08-30,2,0,0,0,0,0,0,0,0,0,0,0,0,0,4.0,0,1,0,0,0,0,0,0,0,0,0,1,0,0,0,0,0,2,0,0,0,0,2,0,1,0,0,0,1,900,1500,1000,5000,0,8.0,0,0,0,0,0,0,0,0,1,0,0,0,0,1,1,1,0,0,2,0,2,0,0,0,0,0,0,0,0,0,0,0,0,0,0,0,0,0,0.0,0,0,0,0,0,0,0,1,0,0,0,1,0,1,0,0,0,0,0,0,80.0,66.0,97.0,89.0,96.0,55.0,59.0,88.0,14.625,57.25,49.0,2520.0,3540.0,92.0,690.0,17760.0,False,50.0,2.0,0.0,7080.0,410.0,30900.0,28380.0,91.0,87.0,86.0,83.0,86.0,100.0,92.0,82.0,88.0,0.22,0.17
2024-08-31,1,0,0,0,0,0,0,0,0,0,0,0,0,0,0.0,0,1,0,0,0,0,0,0,0,0,0,1,0,0,0,0,0,2,0,0,0,2,1,0,0,0,0,0,1,900,1500,1000,5000,0,7.0,0,0,0,0,0,0,1,0,1,0,1,0,0,1,0,0,1,0,2,0,2,0,1,0,1,0,0,0,0,1,1,1,0,0,1,0,0,0,0.0,0,0,0,0,0,0,0,0,0,0,0,1,0,0,0,0,0,0,0,0,73.0,96.0,90.0,89.0,87.0,61.0,27.0,71.0,14.875,55.25,47.0,3381.0,6000.0,88.0,690.0,12210.0,False,50.0,1.0,0.0,5910.0,353.0,27501.0,24120.0,95.0,100.0,86.0,81.0,76.0,91.0,92.0,74.0,84.0,-0.01,0.1
2024-09-01,2,0,0,0,0,0,0,0,0,0,0,0,0,0,0.0,0,1,0,0,0,0,0,0,0,0,0,1,0,0,0,0,0,1,0,0,0,2,1,0,0,0,0,0,0,0,0,0,0,0,5.0,0,0,0,0,0,0,0,0,0,0,1,0,1,0,0,1,0,0,0,0,1,0,0,1,0,0,0,0,0,0,1,0,0,0,1,0,0,0,0.0,0,0,0,0,2,1,0,0,0,0,0,1,2,2,0,0,0,0,0,0,81.0,95.0,83.0,67.0,97.0,73.0,51.0,87.0,15.25,56.625,65.0,4980.0,5070.0,85.0,180.0,15330.0,False,46.0,0.0,0.0,7620.0,412.0,33000.0,28020.0,96.0,100.0,89.0,90.0,86.0,100.0,100.0,81.0,91.0,-0.01,0.05
2024-09-02,2,0,0,0,0,0,0,0,0,0,0,0,0,0,0.0,0,0,0,0,0,0,0,0,0,0,0,1,0,0,0,0,0,1,0,0,0,2,3,0,0,0,0,0,0,0,0,0,0,0,6.0,0,0,0,0,0,0,0,0,0,0,0,0,0,0,0,0,0,0,0,0,0,0,0,0,0,0,0,0,0,0,0,1,0,0,0,0,0,0,0.0,0,0,0,0,0,0,0,0,1,0,0,0,0,0,0,0,0,0,0,0,84.0,97.0,93.0,89.0,69.0,70.0,33.0,100.0,15.0,55.875,62.0,2340.0,4830.0,93.0,690.0,19560.0,False,46.0,0.0,0.0,4590.0,383.0,31320.0,28980.0,96.0,94.0,86.0,92.0,86.0,96.0,100.0,80.0,89.0,0.13,0.06
2024-09-03,1,0,0,0,0,0,0,0,0,0,0,0,0,0,3.0,0,1,0,0,0,0,0,1,0,0,0,1,0,0,0,0,0,3,0,0,0,2,1,0,3,0,0,0,1,900,1500,1000,5000,0,6.0,0,1,1,0,0,0,0,0,0,0,0,0,0,1,0,0,0,1,0,0,0,0,1,0,0,0,0,0,0,0,1,1,0,0,1,0,0,0,0.0,0,0,0,0,1,0,0,0,0,0,1,1,0,1,0,0,0,0,0,0,68.0,86.0,96.0,75.0,86.0,61.0,38.0,59.0,14.75,55.625,61.0,2005.0,4530.0,91.0,390.0,10800.0,False,46.0,0.0,0.0,5880.0,262.0,23215.0,21210.0,96.0,93.0,88.0,90.0,70.0,72.0,100.0,74.0,84.0,-0.34,-0.06
2024-09-04,0,0,0,0,0,0,0,0,0,0,0,0,0,0,0.0,0,0,0,0,0,0,0,0,0,0,0,0,0,0,0,0,0,0,0,0,0,0,0,0,0,0,0,0,1,900,1500,1000,5000,0,7.0,1,0,0,0,1,0,0,0,0,0,0,0,0,1,0,0,0,1,0,0,0,0,1,0,0,0,0,0,0,0,0,1,0,0,1,0,0,0,0.0,0,0,0,0,1,0,0,0,0,0,0,1,0,1,0,0,0,0,0,0,73.0,92.0,98.0,81.0,88.0,67.0,38.0,67.0,14.375,53.375,53.0,1740.0,4860.0,93.0,510.0,12210.0,False,47.0,2.0,0.0,5970.0,276.0,24780.0,23040.0,99.0,100.0,87.0,77.0,77.0,78.0,100.0,80.0,85.0,-0.01,-0.09
2024-09-05,1,0,0,0,0,0,0,0,0,0,0,0,0,0,3.0,1,0,0,0,0,0,0,0,0,1,0,1,0,0,0,0,0,3,0,0,0,2,1,0,2,0,0,0,1,900,1500,1000,5000,0,7.0,0,1,1,0,0,0,0,0,0,0,0,0,0,1,1,0,0,1,0,0,0,0,1,0,0,0,0,0,0,0,0,0,0,0,0,1,0,0,0.0,0,0,0,0,0,0,0,0,0,0,0,1,0,1,0,0,0,0,0,0,74.0,35.0,83.0,86.0,77.0,66.0,61.0,84.0,14.75,60.375,43.0,4705.0,1890.0,85.0,600.0,20250.0,False,50.0,0.0,0.0,5250.0,357.0,32095.0,27390.0,98.0,100.0,86.0,78.0,79.0,52.0,89.0,79.0,81.0,0.02,-0.04
2024-09-07,0,0,0,0,0,0,0,0,0,0,0,0,0,0,3.0,0,0,0,0,0,0,0,0,0,0,0,1,0,0,0,0,0,1,0,0,0,1,2,0,0,0,0,0,0,0,0,0,0,0,7.0,0,0,0,0,0,0,0,0,0,0,0,0,0,0,0,0,0,0,0,0,0,0,0,0,0,0,0,0,0,0,1,0,0,0,0,0,0,0,0.0,0,0,0,0,0,0,0,0,0,0,0,1,0,1,0,0,0,0,0,0,83.0,96.0,96.0,91.0,99.0,72.0,48.0,84.0,14.5,54.0,55.0,2730.0,5880.0,91.0,720.0,13110.0,False,50.0,0.0,0.0,8340.0,335.0,30060.0,27330.0,100.0,100.0,86.0,0.0,91.0,100.0,89.0,78.0,89.0,-0.12,-0.04
2024-09-09,2,0,0,0,0,0,0,0,0,0,0,0,0,0,0.0,0,0,0,0,0,0,0,0,0,1,0,1,0,0,0,0,0,1,0,0,0,1,2,0,1,0,0,0,0,0,0,0,0,0,0.0,0,0,1,0,0,0,1,0,1,0,0,0,0,1,0,0,0,1,0,0,0,0,1,0,0,0,0,0,0,0,0,0,0,0,0,0,0,0,0.0,0,0,0,0,0,0,0,0,0,0,0,0,0,0,0,0,0,0,0,0,84.0,96.0,99.0,86.0,95.0,72.0,36.0,91.0,15.25,54.5,62.0,1855.0,5610.0,94.0,600.0,17010.0,False,49.0,2.0,0.0,6480.0,341.0,30955.0,29100.0,95.0,100.0,87.0,91.0,93.0,84.0,95.0,82.0,89.0,0.0,-0.01
2024-09-11,2,0,0,0,0,0,0,0,0,0,0,0,0,0,3.0,0,0,0,0,0,0,0,1,0,0,0,1,0,0,0,0,0,2,0,0,0,2,1,0,2,0,0,0,0,0,0,0,0,0,6.0,1,0,0,0,1,0,1,0,1,0,1,0,0,1,1,0,0,0,0,0,0,0,0,0,0,0,0,0,0,0,0,0,0,0,0,0,0,0,0.0,0,0,0,0,0,0,0,0,0,0,0,0,0,0,0,0,0,0,0,0,81.0,92.0,96.0,70.0,86.0,73.0,60.0,86.0,15.0,56.25,62.0,2755.0,4830.0,91.0,270.0,17190.0,False,47.0,0.0,0.0,5880.0,346.0,30655.0,27900.0,99.0,99.0,88.0,0.0,90.0,91.0,100.0,85.0,91.0,-0.19,-0.09
2024-09-12,2,0,0,0,0,0,0,0,0,0,0,0,0,0,2.0,0,1,0,0,0,0,0,0,0,1,0,1,0,0,0,0,0,2,0,0,0,0,2,0,2,0,0,0,1,900,1500,1000,5000,0,6.0,0,0,0,1,1,0,0,0,0,0,1,0,0,1,1,0,0,0,0,0,0,0,0,0,0,0,0,0,0,0,0,0,0,0,0,0,0,0,0.0,0,0,0,0,0,0,0,0,0,0,0,0,0,1,0,0,0,0,0,0,61.0,59.0,86.0,59.0,40.0,75.0,96.0,44.0,15.25,58.25,47.0,2850.0,3180.0,86.0,1800.0,11400.0,False,49.0,1.0,0.0,2790.0,193.0,20220.0,17370.0,97.0,100.0,84.0,89.0,57.0,1.0,94.0,72.0,73.0,-0.15,-0.15
2024-09-13,2,0,0,0,0,0,0,0,0,0,0,0,0,0,3.0,0,0,0,0,0,0,0,1,0,0,0,0,0,0,0,0,0,1,0,0,0,0,1,0,0,0,0,0,0,0,0,0,0,0,7.0,0,0,0,1,1,0,1,0,1,0,0,0,0,0,1,1,0,0,0,1,0,0,0,0,0,1,0,0,0,0,1,0,0,0,1,0,0,0,0.0,0,0,0,0,0,0,0,0,0,0,0,0,0,1,0,0,0,0,0,0,79.0,85.0,93.0,75.0,81.0,65.0,94.0,75.0,15.25,57.875,50.0,3055.0,4470.0,89.0,360.0,15150.0,False,50.0,0.0,0.0,5520.0,286.0,28195.0,25140.0,93.0,98.0,87.0,85.0,87.0,98.0,88.0,84.0,87.0,-0.2,-0.15
2024-09-14,2,0,0,0,0,0,0,0,0,0,0,0,0,0,0.0,1,1,0,0,0,0,0,0,0,0,0,0,0,0,0,0,0,0,0,0,0,1,2,0,0,0,0,0,0,0,0,0,0,0,0.0,0,0,0,0,0,1,0,0,0,0,0,0,0,0,0,0,0,0,0,0,0,0,0,0,0,0,0,0,0,0,0,0,0,0,0,0,0,0,0.0,0,0,0,0,0,0,0,0,0,0,0,0,0,0,0,0,0,0,0,0,38.0,23.0,41.0,94.0,19.0,27.0,64.0,29.0,15.25,72.25,32.0,6840.0,1230.0,67.0,1020.0,11280.0,False,63.0,0.0,0.0,1350.0,295.0,20700.0,13860.0,95.0,100.0,71.0,87.0,18.0,57.0,1.0,59.0,54.0,-0.13,-0.13
2024-09-16,2,0,0,0,0,0,0,0,0,0,0,0,0,0,0.0,0,1,0,0,0,0,0,0,0,0,0,1,0,0,0,0,0,0,0,0,0,1,2,0,0,0,0,0,0,0,0,0,0,0,6.0,0,0,0,0,1,0,0,0,0,0,1,0,0,0,0,0,0,0,0,1,0,0,0,0,0,0,0,1,0,0,0,0,0,0,0,0,0,0,0.0,0,0,0,0,0,0,0,0,0,0,0,1,0,1,0,0,0,0,0,0,72.0,96.0,93.0,64.0,63.0,59.0,57.0,74.0,16.875,65.75,42.0,3090.0,6060.0,89.0,120.0,14370.0,False,53.0,0.0,0.0,4320.0,315.0,27840.0,24750.0,93.0,54.0,62.0,91.0,75.0,97.0,66.0,59.0,68.0,0.62,0.43
2024-09-17,1,0,0,0,0,0,0,0,0,0,0,0,0,0,0.0,0,1,0,0,0,0,0,1,0,0,0,1,0,0,0,0,0,1,0,0,0,2,1,0,1,0,0,0,1,900,1500,1000,5000,0,6.0,0,0,0,0,1,0,0,0,0,0,0,0,0,0,0,0,0,1,0,0,0,0,0,0,0,0,0,0,0,0,0,0,1,0,0,0,0,0,0.0,0,0,0,0,0,0,0,3,1,0,0,0,0,1,0,0,0,0,0,0,67.0,81.0,60.0,75.0,58.0,57.0,36.0,76.0,16.875,78.875,36.0,8339.0,90.0,56.0,360.0,9660.0,False,68.0,0.0,0.0,1080.0,275.0,19169.0,10830.0,94.0,1.0,68.0,94.0,1.0,1.0,1.0,48.0,22.0,1.58,1.0
2024-09-17,1,0,0,0,0,0,0,0,0,0,0,0,0,0,0.0,0,1,0,0,0,0,0,1,0,0,0,1,0,0,0,0,0,1,0,0,0,2,1,0,1,0,0,0,1,900,1500,1000,5000,0,6.0,0,0,0,0,1,0,0,0,0,0,0,0,0,0,0,0,0,1,0,0,0,0,0,0,0,0,0,0,0,0,0,0,1,0,0,0,0,0,0.0,0,0,0,0,0,0,0,3,1,0,0,0,0,1,0,0,0,0,0,0,67.0,81.0,60.0,75.0,58.0,57.0,36.0,76.0,17.125,62.75,45.0,1525.0,4230.0,90.0,360.0,7260.0,False,55.0,1.0,31.0,2940.0,203.0,15955.0,14430.0,94.0,69.0,75.0,94.0,46.0,43.0,53.0,52.0,53.0,0.45,0.54
2024-09-18,2,0,0,0,0,0,0,0,0,0,0,0,0,0,2.0,0,1,0,0,0,0,0,1,0,0,0,1,0,0,0,0,0,1,0,0,0,2,1,0,2,0,0,0,1,900,1500,1000,5000,0,6.0,0,0,0,0,1,0,1,1,0,0,0,0,0,0,1,0,0,1,0,0,0,0,0,0,0,0,0,0,0,0,0,0,0,0,0,0,0,0,0.0,0,0,0,0,0,0,0,3,1,0,2,1,2,1,0,0,0,0,0,0,79.0,92.0,86.0,62.0,85.0,59.0,100.0,80.0,18.0,70.125,31.0,4170.0,4860.0,86.0,1710.0,15600.0,False,63.0,0.0,0.0,5790.0,421.0,30420.0,26250.0,94.0,32.0,59.0,85.0,87.0,100.0,1.0,67.0,46.0,0.9,1.14
2024-09-19,0,0,0,0,0,0,0,0,0,0,0,0,0,0,0.0,0,0,0,0,0,0,0,0,0,0,0,0,0,0,0,0,0,0,0,0,0,0,0,0,0,0,0,0,0,0,0,0,0,0,6.0,0,0,0,0,0,0,0,0,0,0,0,0,0,0,0,0,0,0,0,0,0,0,0,0,0,0,0,0,0,0,0,0,0,0,0,0,0,0,0.0,0,0,0,0,0,0,0,3,0,0,0,0,0,0,0,0,0,0,0,0,70.0,79.0,99.0,70.0,75.0,74.0,59.0,59.0,15.625,63.5,47.0,1410.0,4200.0,94.0,270.0,11670.0,False,53.0,1.0,0.0,5160.0,277.0,22440.0,21030.0,92.0,98.0,64.0,84.0,73.0,69.0,69.0,47.0,67.0,-0.21,0.62
2024-09-20,1,0,0,0,0,0,0,0,0,0,0,0,0,0,3.0,0,0,0,0,0,0,0,0,0,0,0,0,0,0,0,0,0,1,0,0,0,2,1,0,2,0,0,0,1,900,1500,1000,5000,0,6.0,0,1,0,0,1,0,0,0,0,0,1,0,0,1,1,0,0,0,0,0,0,0,0,0,0,0,0,0,0,0,0,0,0,0,0,0,0,0,0.0,0,0,0,0,0,0,0,0,0,0,0,1,0,1,0,0,0,0,0,0,75.0,88.0,93.0,67.0,97.0,62.0,50.0,73.0,14.75,58.25,46.0,2940.0,4650.0,89.0,180.0,12600.0,False,50.0,0.0,0.0,7290.0,329.0,27480.0,24540.0,98.0,91.0,52.0,81.0,78.0,97.0,91.0,56.0,75.0,0.18,0.2
2024-09-21,1,0,0,0,0,0,0,0,0,0,0,0,0,0,3.0,0,0,0,0,0,0,0,0,0,0,0,0,0,0,0,0,0,2,0,0,0,2,1,0,2,0,0,0,1,900,1500,1000,5000,0,6.0,0,1,0,0,1,0,0,0,0,0,1,0,0,1,1,0,0,0,0,0,0,0,0,0,0,0,0,0,0,0,0,0,0,0,1,0,0,0,0.0,0,0,0,0,0,0,0,0,0,0,0,0,0,0,0,0,0,0,0,0,69.0,87.0,86.0,72.0,88.0,60.0,48.0,63.0,15.0,57.75,46.0,3625.0,4620.0,86.0,330.0,11610.0,False,50.0,1.0,0.0,6000.0,347.0,25855.0,22230.0,91.0,100.0,54.0,91.0,70.0,87.0,91.0,53.0,73.0,-0.13,0.02
2024-09-22,1,0,0,0,0,0,0,0,0,0,0,0,0,0,3.0,0,0,0,0,0,0,0,0,0,0,0,0,0,0,0,0,0,1,0,0,0,1,2,0,1,0,0,0,0,0,0,0,0,0,6.0,0,0,0,0,0,0,0,0,0,0,0,0,0,0,0,0,0,0,0,0,0,0,0,0,0,0,0,0,0,0,1,1,1,0,1,0,0,0,0.0,0,0,0,0,0,0,0,0,0,0,0,0,0,0,0,0,0,0,0,0,67.0,92.0,67.0,86.0,87.0,35.0,13.0,79.0,15.125,62.875,40.0,7260.0,4860.0,78.0,1200.0,15300.0,False,52.0,0.0,0.0,5940.0,386.0,33360.0,26100.0,87.0,100.0,51.0,80.0,67.0,77.0,77.0,60.0,68.0,-0.11,-0.01
2024-09-23,1,0,0,0,0,0,0,0,0,0,0,0,0,0,3.0,0,0,0,0,0,0,1,0,0,1,0,1,0,0,0,0,0,2,0,0,0,2,1,0,2,0,0,0,1,900,1500,1000,5000,0,6.0,0,0,0,1,1,0,0,0,0,0,1,0,0,1,1,0,0,1,0,0,0,0,0,0,0,0,0,0,0,1,0,0,0,0,1,0,0,0,0.0,0,0,0,0,0,2,0,0,0,0,0,1,0,1,0,0,0,0,0,0,75.0,84.0,98.0,91.0,73.0,63.0,100.0,60.0,15.5,57.125,44.0,1645.0,4410.0,93.0,720.0,12000.0,False,51.0,0.0,0.0,5040.0,307.0,23095.0,21450.0,92.0,97.0,56.0,88.0,80.0,36.0,84.0,55.0,68.0,-0.24,-0.11
2024-09-24,1,0,0,0,0,0,0,0,0,0,0,0,0,0,3.0,0,1,0,0,0,0,0,1,0,0,0,1,0,0,0,0,0,2,0,0,0,2,1,0,2,0,0,0,1,900,1500,1000,5000,0,6.0,0,1,0,0,1,0,0,0,1,0,1,0,0,1,1,0,0,0,0,0,0,0,0,0,0,1,0,0,0,1,0,0,0,0,1,0,0,0,0.0,0,0,0,0,0,0,0,0,0,0,1,1,1,2,0,0,0,0,0,0,79.0,82.0,93.0,46.0,99.0,68.0,100.0,78.0,14.875,54.375,52.0,3330.0,4380.0,89.0,2100.0,12780.0,False,49.0,0.0,0.0,8610.0,407.0,29100.0,25770.0,89.0,98.0,59.0,74.0,85.0,95.0,98.0,64.0,77.0,-0.21,-0.15
2024-09-25,0,0,0,0,0,0,0,0,0,0,0,0,0,0,3.0,0,0,0,0,0,0,0,1,0,0,0,0,0,0,0,0,0,0,0,0,0,0,0,0,0,0,0,0,0,0,0,0,0,0,7.0,0,0,0,0,0,0,0,0,0,0,0,0,0,0,0,0,0,0,0,0,0,0,0,0,0,1,0,0,0,1,0,0,0,0,1,0,0,0,0.0,0,0,0,0,0,0,0,0,0,0,0,1,0,1,0,0,0,0,0,0,81.0,96.0,96.0,75.0,98.0,56.0,59.0,86.0,15.375,60.5,50.0,2683.0,5790.0,91.0,390.0,14070.0,False,50.0,1.0,0.0,7890.0,382.0,30433.0,27750.0,84.0,94.0,58.0,80.0,88.0,100.0,91.0,66.0,78.0,-0.32,-0.2
2024-09-26,0,0,0,0,0,0,0,0,0,0,0,0,0,0,4.0,0,0,0,0,0,0,0,1,0,0,0,1,0,0,0,0,0,0,0,0,0,0,0,0,0,0,0,0,0,0,0,0,0,0,7.0,0,0,0,0,0,0,0,0,0,0,0,0,0,0,0,0,0,0,0,0,0,0,0,0,0,1,0,0,0,0,0,0,0,0,1,0,0,0,0.0,0,0,0,0,0,0,0,0,0,0,0,1,0,1,0,0,0,0,0,0,78.0,97.0,88.0,99.0,75.0,53.0,62.0,81.0,15.125,62.125,36.0,4080.0,6330.0,87.0,900.0,15150.0,False,53.0,0.0,0.0,5160.0,366.0,30720.0,26640.0,88.0,100.0,54.0,80.0,85.0,92.0,70.0,67.0,73.0,-0.11,-0.16
2024-09-27,2,0,0,0,0,0,0,0,0,0,0,0,0,0,0.0,0,1,0,0,0,0,0,0,0,0,0,1,0,0,0,0,0,1,0,0,0,0,2,0,1,0,0,0,1,900,1500,1000,5000,0,7.0,0,0,0,1,1,0,1,1,1,0,1,0,0,0,0,0,0,1,0,1,0,0,0,0,0,1,0,0,0,1,0,0,0,0,1,0,0,0,0.0,0,0,0,0,0,0,0,0,0,0,0,1,0,1,0,0,0,0,0,0,91.0,96.0,83.0,94.0,89.0,76.0,79.0,100.0,14.875,59.375,40.0,4345.0,4680.0,87.0,810.0,17400.0,False,52.0,0.0,0.0,6030.0,340.0,32455.0,28110.0,83.0,100.0,62.0,67.0,97.0,100.0,78.0,74.0,78.0,0.02,-0.05
2024-09-28,2,0,0,0,0,0,0,0,0,0,0,0,0,0,3.0,0,0,0,0,0,0,0,0,0,0,0,1,0,0,0,0,0,1,0,0,0,2,1,0,0,0,0,0,0,0,0,0,0,0,7.5,0,0,0,1,1,0,1,1,0,0,0,1,1,0,0,0,0,1,0,1,0,0,1,0,0,1,0,0,0,1,0,0,0,0,1,0,0,0,0.0,0,0,0,0,2,0,0,0,0,0,0,1,2,1,0,0,0,0,0,0,79.0,86.0,96.0,97.0,64.0,58.0,64.0,83.0,15.25,57.125,57.0,2622.0,4560.0,91.0,960.0,18210.0,False,49.0,1.0,0.0,4350.0,376.0,29742.0,27120.0,90.0,100.0,67.0,94.0,87.0,55.0,99.0,76.0,80.0,-0.07,0.0
2024-09-29,2,0,0,0,0,0,0,0,0,0,0,0,0,0,4.0,0,1,0,0,0,0,0,0,0,0,0,1,0,0,0,0,0,1,0,0,1,0,1,0,1,0,0,0,1,900,1500,1000,5000,0,7.0,0,0,0,0,0,0,0,0,0,0,0,1,1,0,0,0,0,0,0,0,0,0,0,0,0,1,0,1,0,1,0,0,0,0,1,0,0,0,0.0,0,0,0,0,0,0,0,0,0,0,0,1,0,1,0,0,0,0,0,0,86.0,96.0,74.0,81.0,96.0,66.0,63.0,100.0,15.5,58.125,52.0,7860.0,5640.0,81.0,1320.0,20070.0,False,49.0,0.0,0.0,6930.0,358.0,40500.0,32640.0,88.0,100.0,61.0,86.0,97.0,95.0,99.0,86.0,85.0,0.01,0.02
2024-09-30,3,0,0,0,0,0,0,0,0,0,0,0,0,0,4.0,0,0,0,0,0,0,0,0,0,0,0,1,0,0,0,0,0,1,0,0,0,2,2,0,2,0,0,0,1,900,1500,1000,5000,0,7.0,0,0,1,0,0,0,1,0,0,0,0,0,1,1,1,0,1,0,0,0,0,0,1,0,0,1,0,0,0,1,0,0,0,0,0,0,0,0,0.0,0,0,0,0,0,0,0,0,0,0,0,1,0,1,0,0,0,0,0,0,81.0,80.0,88.0,89.0,82.0,65.0,69.0,88.0,15.375,59.125,51.0,4080.0,4260.0,87.0,1140.0,18570.0,False,48.0,1.0,0.0,5610.0,401.0,32520.0,28440.0,84.0,95.0,68.0,93.0,92.0,57.0,100.0,84.0,82.0,0.12,0.07
2024-10-01,2,0,0,0,0,0,0,0,0,0,0,0,0,0,3.5,0,1,0,0,0,0,0,0,0,0,1,1,0,0,0,0,0,1,0,0,0,2,2,0,2,0,0,0,1,900,1500,1000,5000,0,8.0,1,0,1,0,0,0,1,0,0,0,0,0,0,1,1,0,1,0,0,0,0,1,0,0,0,1,0,0,0,1,0,0,0,0,0,0,0,0,0.0,0,0,0,0,0,0,0,1,0,2,0,1,0,1,0,0,0,0,0,0,79.0,92.0,93.0,94.0,68.0,70.0,54.0,80.0,14.75,55.875,49.0,3090.0,4830.0,89.0,1020.0,16830.0,False,49.0,0.0,0.0,4650.0,356.0,29400.0,26310.0,91.0,100.0,71.0,85.0,86.0,100.0,98.0,89.0,87.0,-0.03,0.07
2024-10-02,2,0,0,0,0,0,0,0,0,0,0,0,0,0,3.0,0,0,0,0,0,0,0,0,0,0,1,1,0,0,0,0,0,2,0,0,0,2,1,0,2,0,0,0,1,900,1500,1000,5000,0,8.0,0,0,1,1,0,0,1,0,0,0,0,0,0,1,0,0,1,0,0,0,0,1,0,1,0,1,0,0,0,1,0,0,0,0,1,0,0,0,0.0,0,0,0,0,0,0,0,0,0,2,0,1,0,2,0,0,0,0,0,0,78.0,82.0,86.0,72.0,82.0,64.0,66.0,85.0,15.0,61.375,51.0,4555.0,4350.0,86.0,300.0,17640.0,False,49.0,1.0,0.0,5550.0,403.0,32095.0,27540.0,79.0,100.0,76.0,77.0,85.0,100.0,98.0,93.0,86.0,-0.01,0.04
2024-10-03,2,0,0,0,0,0,0,0,0,0,0,0,0,0,0.0,0,0,0,0,0,0,0,0,0,0,1,1,0,1,0,0,0,2,0,0,0,2,1,0,1,0,0,0,1,900,1500,1000,5000,0,8.0,1,0,1,0,0,0,0,0,0,0,0,0,0,1,1,0,1,0,0,0,0,1,0,0,0,0,0,0,0,0,0,0,0,0,0,0,0,0,0.0,0,0,0,0,0,0,0,0,0,1,0,1,0,1,0,0,0,0,0,0,78.0,96.0,96.0,56.0,75.0,77.0,79.0,76.0,15.0,58.75,54.0,2610.0,5460.0,91.0,1830.0,14640.0,False,47.0,1.0,0.0,5130.0,260.0,27840.0,25230.0,84.0,95.0,80.0,84.0,85.0,42.0,100.0,90.0,82.0,-0.3,-0.08
2024-10-04,2,0,0,0,0,0,0,0,0,0,0,0,0,0,0.0,0,1,0,0,0,0,0,0,0,1,0,1,0,0,0,0,0,1,0,0,0,2,1,0,2,0,0,0,0,0,0,0,0,0,6.0,0,1,0,0,1,0,1,1,0,1,0,0,0,0,1,0,0,1,0,0,0,0,0,0,0,1,0,0,0,1,0,0,0,0,1,0,0,0,0.0,0,0,0,0,0,0,0,0,0,1,0,1,0,1,0,0,0,0,0,0,78.0,96.0,86.0,78.0,61.0,84.0,97.0,67.0,15.0,59.25,52.0,3870.0,5940.0,86.0,1380.0,12990.0,False,51.0,1.0,0.0,4200.0,217.0,27000.0,23130.0,83.0,95.0,81.0,81.0,83.0,89.0,83.0,88.0,84.0,-0.3,-0.19
2024-10-05,2,0,0,0,0,0,0,0,0,0,0,0,0,0,4.0,0,1,0,0,0,0,0,0,0,0,0,1,0,0,0,0,0,2,0,0,0,1,2,0,0,0,0,0,1,900,1500,1000,5000,0,8.0,0,0,0,0,1,0,1,1,1,0,0,0,1,0,1,0,0,0,0,1,0,0,1,0,0,1,0,0,0,1,0,0,0,0,1,0,0,0,0.0,0,0,0,0,0,0,0,1,0,1,0,1,0,1,0,0,0,0,0,0,75.0,90.0,86.0,75.0,96.0,63.0,66.0,70.0,14.75,55.875,58.0,3990.0,4800.0,86.0,1440.0,11910.0,False,49.0,0.0,0.0,7140.0,329.0,27840.0,23850.0,83.0,100.0,86.0,89.0,77.0,91.0,97.0,87.0,87.0,-0.01,-0.15
2024-10-07,1,0,0,0,0,0,0,0,0,0,0,0,0,0,3.0,0,0,0,0,0,0,0,0,0,1,0,1,0,0,0,0,0,3,0,0,0,2,1,0,3,0,0,0,1,900,1500,1000,5000,0,7.0,0,0,1,0,0,0,0,0,1,0,0,0,1,1,0,0,0,0,0,1,0,0,0,0,0,0,0,0,0,0,0,0,0,0,0,0,0,0,0.0,0,0,0,0,0,0,0,0,0,0,0,1,0,2,0,0,0,0,0,0,77.0,86.0,97.0,83.0,91.0,66.0,90.0,65.0,14.75,52.5,58.0,1980.0,4560.0,92.0,570.0,11790.0,False,47.0,0.0,0.0,6210.0,338.0,24540.0,22560.0,82.0,96.0,88.0,0.0,83.0,76.0,100.0,78.0,85.0,-0.27,-0.13
2024-10-08,2,0,0,0,0,0,0,0,0,0,0,0,0,0,2.0,0,0,0,0,0,0,0,0,0,0,1,1,0,0,0,0,0,2,0,0,0,2,1,0,2,0,0,0,1,900,1500,1000,5000,0,7.0,0,0,0,0,1,0,1,0,1,0,0,0,0,1,0,0,0,0,0,0,0,0,1,0,0,0,0,0,0,0,0,0,0,0,0,0,0,0,0.0,0,0,0,0,0,0,0,0,0,0,0,1,0,1,0,0,0,0,0,0,71.0,95.0,97.0,72.0,48.0,72.0,77.0,61.0,14.75,53.625,52.0,1795.0,5010.0,92.0,330.0,13320.0,False,48.0,0.0,0.0,3330.0,241.0,23455.0,21660.0,82.0,100.0,87.0,76.0,71.0,71.0,100.0,77.0,81.0,-0.01,-0.11
2024-10-09,2,0,0,0,0,0,0,0,0,0,0,0,0,0,3.0,0,1,0,0,0,0,0,0,0,0,1,0,0,0,0,0,0,2,0,0,0,2,1,0,2,0,0,0,1,900,1500,1000,5000,0,7.0,0,1,0,0,1,0,0,0,1,0,0,0,0,1,1,0,0,1,0,0,0,0,0,0,0,0,0,0,0,1,0,0,0,0,0,0,0,0,0.0,0,0,0,0,0,0,0,0,0,0,0,1,0,1,0,0,0,0,0,0,88.0,96.0,90.0,94.0,95.0,66.0,69.0,95.0,14.75,56.75,61.0,4140.0,5610.0,88.0,990.0,17820.0,False,48.0,1.0,0.0,6690.0,340.0,34260.0,30120.0,82.0,90.0,91.0,78.0,100.0,100.0,100.0,84.0,91.0,0.19,0.03
2024-10-10,0,0,0,0,0,0,0,0,0,0,0,0,0,0,0.0,0,0,0,0,0,0,0,0,0,0,1,0,0,0,0,0,0,0,0,0,0,0,0,0,0,0,0,0,0,0,0,0,0,0,7.0,0,0,0,0,0,0,0,0,0,0,0,0,0,0,0,0,0,0,0,0,0,0,0,0,0,1,0,0,0,0,0,0,0,0,1,0,0,0,0.0,0,0,0,0,0,0,0,0,0,0,0,0,0,1,0,0,0,0,0,0,82.0,82.0,95.0,94.0,98.0,75.0,50.0,84.0,14.25,54.0,56.0,3145.0,4350.0,90.0,990.0,14910.0,False,47.0,1.0,0.0,8130.0,338.0,30535.0,27390.0,84.0,96.0,89.0,79.0,92.0,99.0,100.0,75.0,88.0,-0.28,-0.01
2024-10-11,2,0,0,0,0,0,0,0,0,0,0,0,0,0,3.0,0,0,0,0,0,0,0,0,0,0,0,1,0,0,0,0,0,2,0,0,0,1,2,0,1,0,0,0,1,900,1500,1000,5000,0,7.0,1,0,0,0,1,0,0,0,1,0,0,0,0,1,1,0,0,1,0,0,0,0,1,0,0,1,0,0,0,0,0,0,0,0,1,0,0,0,0.0,0,0,0,0,0,0,0,0,0,0,0,1,0,1,0,0,0,0,0,0,76.0,77.0,90.0,94.0,85.0,58.0,55.0,79.0,14.875,57.625,50.0,3591.0,4080.0,88.0,990.0,16350.0,False,52.0,0.0,0.0,5790.0,392.0,29811.0,26220.0,77.0,100.0,89.0,62.0,81.0,100.0,73.0,79.0,80.0,-0.08,-0.08
2024-10-13,0,0,0,0,0,0,0,0,0,0,0,0,0,0,0.0,0,0,0,0,0,0,0,0,0,0,0,0,0,0,0,0,0,0,0,0,0,0,0,0,0,0,0,0,0,0,0,0,0,0,5.0,0,0,0,0,0,0,0,0,0,0,0,0,0,0,0,0,0,0,0,0,0,0,0,0,0,0,0,0,0,0,0,0,0,0,0,0,0,0,0.0,0,0,0,0,0,0,0,0,0,0,0,0,0,2,0,0,0,0,0,0,78.0,95.0,76.0,72.0,96.0,49.0,50.0,91.0,14.625,54.375,54.0,6540.0,5190.0,82.0,330.0,16620.0,False,48.0,2.0,0.0,7170.0,436.0,35520.0,28980.0,76.0,100.0,90.0,76.0,83.0,100.0,100.0,85.0,87.0,-0.06,-0.03
2024-10-14,1,0,0,0,0,0,0,0,0,0,0,0,0,0,2.0,0,0,0,0,0,0,0,0,0,0,0,0,0,0,0,0,0,2,0,0,0,3,1,0,1,0,0,0,1,900,1500,1000,5000,0,6.0,0,1,0,0,1,0,0,0,1,0,0,0,0,1,1,0,0,1,0,0,0,0,0,0,0,0,0,0,0,0,0,0,0,0,0,0,0,0,0.0,0,0,0,0,0,0,0,0,0,0,1,0,0,1,0,0,0,0,0,0,85.0,96.0,93.0,91.0,98.0,75.0,41.0,90.0,14.75,52.75,62.0,3560.0,6180.0,89.0,750.0,14490.0,False,45.0,0.0,0.0,8100.0,339.0,32330.0,28770.0,85.0,99.0,92.0,90.0,97.0,70.0,98.0,85.0,89.0,0.08,0.03
2024-10-15,1,0,0,0,0,0,0,0,0,0,0,0,0,0,2.0,0,0,0,0,0,0,0,0,0,0,1,1,0,0,0,0,0,2,0,0,0,2,1,0,2,0,0,0,1,900,1500,1000,5000,0,6.0,0,0,0,1,1,0,0,0,1,0,0,0,0,0,0,0,0,1,0,1,0,0,0,1,0,1,0,0,0,0,0,0,0,0,1,0,0,0,0.0,0,0,0,0,0,0,0,0,0,1,1,0,0,1,0,0,0,0,0,0,79.0,96.0,97.0,91.0,83.0,63.0,63.0,77.0,15.0,57.25,61.0,2250.0,6030.0,92.0,750.0,13950.0,False,47.0,0.0,0.0,5670.0,372.0,27900.0,25650.0,80.0,96.0,91.0,86.0,87.0,91.0,100.0,85.0,88.0,-0.28,-0.07
2024-10-16,1,0,0,0,0,0,0,0,0,0,0,0,0,0,3.0,0,0,0,0,0,0,0,0,0,1,0,1,0,0,0,0,0,2,0,0,0,2,1,0,2,0,0,0,0,0,0,0,0,0,6.0,0,0,0,0,0,0,0,0,0,0,0,0,0,0,1,0,0,1,0,0,0,0,0,0,0,0,0,1,0,0,0,0,0,0,1,0,0,0,0.0,0,0,0,0,0,0,0,0,0,1,0,1,0,0,0,0,0,0,0,0,83.0,96.0,93.0,91.0,74.0,65.0,100.0,78.0,15.0,53.625,62.0,3240.0,5970.0,89.0,750.0,14730.0,False,45.0,0.0,0.0,5100.0,334.0,29040.0,25800.0,83.0,100.0,92.0,83.0,95.0,34.0,99.0,88.0,84.0,-0.07,-0.1
2024-10-20,1,0,0,0,0,0,0,0,0,0,0,0,0,0,4.0,0,1,0,0,0,0,0,0,0,0,0,1,0,0,0,0,0,1,0,0,0,2,1,0,0,0,0,0,0,0,0,0,0,0,7.0,0,0,0,0,0,0,0,1,0,0,0,0,0,0,0,0,0,0,0,0,0,0,0,0,0,0,0,0,0,0,0,0,1,0,0,0,0,0,0.0,0,0,0,0,0,0,0,0,0,2,0,1,0,1,0,0,0,0,0,0,39.0,39.0,51.0,78.0,29.0,9.0,6.0,49.0,16.5,72.0,32.0,7650.0,2070.0,71.0,450.0,14430.0,False,59.0,0.0,0.0,2070.0,369.0,26220.0,18570.0,88.0,45.0,79.0,90.0,3.0,1.0,20.0,73.0,40.0,0.72,
2024-10-21,3,0,0,0,0,0,0,0,0,0,0,0,0,0,3.0,0,0,0,0,0,0,0,0,0,0,0,1,0,0,0,0,0,0,0,0,0,0,3,0,0,0,0,0,1,900,1500,1000,5000,0,8.0,0,0,0,0,0,0,1,1,0,0,1,0,1,0,1,0,0,0,0,0,0,0,0,0,0,0,0,1,1,0,0,0,1,0,0,0,0,0,0.0,0,0,0,0,0,0,0,0,0,2,0,0,0,1,0,0,0,0,0,0,88.0,95.0,88.0,67.0,96.0,86.0,56.0,98.0,15.375,56.125,53.0,1320.0,2310.0,91.0,270.0,7590.0,False,51.0,0.0,0.0,3120.0,211.0,14340.0,13020.0,82.0,90.0,0.0,92.0,12.0,29.0,79.0,0.0,61.0,0.19,0.46
2024-10-21,3,0,0,0,0,0,0,0,0,0,0,0,0,0,3.0,0,0,0,0,0,0,0,0,0,0,0,1,0,0,0,0,0,0,0,0,0,0,3,0,0,0,0,0,1,900,1500,1000,5000,0,8.0,0,0,0,0,0,0,1,1,0,0,1,0,1,0,1,0,0,0,0,0,0,0,0,0,0,0,0,1,1,0,0,0,1,0,0,0,0,0,0.0,0,0,0,0,0,0,0,0,0,2,0,0,0,1,0,0,0,0,0,0,88.0,95.0,88.0,67.0,96.0,86.0,56.0,98.0,16.25,57.75,58.0,3215.0,2910.0,85.0,1620.0,11310.0,False,51.0,1.0,18.0,3990.0,194.0,21425.0,18210.0,85.0,64.0,0.0,100.0,54.0,27.0,79.0,0.0,79.0,0.5,0.62
2024-11-06,2,0,0,0,0,0,0,0,0,0,0,0,0,0,0.0,0,1,0,0,0,0,0,0,0,0,0,1,0,0,0,0,0,2,0,0,0,2,2,0,1,0,0,0,1,900,1500,1000,5000,0,7.0,0,0,0,0,1,0,1,0,1,0,1,0,1,1,1,0,1,0,0,0,0,0,0,0,0,0,1,0,0,0,0,0,0,0,1,0,0,0,0.0,0,0,0,0,0,0,0,0,0,0,0,0,0,1,0,0,0,0,0,0,79.0,72.0,81.0,67.0,97.0,71.0,100.0,77.0,15.0,57.125,59.0,4825.0,3810.0,84.0,1590.0,14100.0,False,45.0,0.0,0.0,7620.0,263.0,30355.0,25530.0,79.0,87.0,83.0,95.0,85.0,100.0,99.0,92.0,88.0,0.22,0.12
2024-11-07,0,0,0,0,0,0,0,0,0,0,0,0,0,0,2.0,0,1,0,0,0,0,0,0,0,0,1,1,0,0,0,0,0,2,0,0,0,2,1,0,2,0,0,0,1,900,1500,1000,5000,0,7.0,0,0,0,0,1,0,0,0,0,0,1,0,1,1,1,0,1,0,0,0,0,0,0,0,0,1,0,0,0,0,0,0,0,0,1,0,0,0,0.0,0,0,0,0,0,0,0,0,0,0,0,0,0,1,0,0,0,0,0,0,77.0,90.0,86.0,64.0,81.0,66.0,100.0,70.0,14.875,57.5,48.0,4050.0,4800.0,86.0,1680.0,13680.0,False,49.0,2.0,0.0,5490.0,331.0,28020.0,23970.0,77.0,100.0,74.0,85.0,83.0,93.0,90.0,79.0,80.0,0.05,0.15
2024-11-08,0,0,0,0,0,0,0,0,0,0,0,0,0,0,0.0,0,1,0,0,0,0,0,0,0,1,0,1,0,0,0,0,0,2,0,0,0,2,1,0,3,0,0,0,1,900,1500,1000,5000,0,6.0,1,0,0,0,1,0,0,0,0,0,1,0,1,1,1,0,1,0,0,0,0,0,0,0,0,0,0,0,0,0,0,0,0,0,1,0,0,0,0.0,0,0,0,0,0,0,0,0,0,0,0,0,0,1,0,0,0,0,0,0,79.0,87.0,81.0,67.0,96.0,66.0,100.0,75.0,14.625,60.375,49.0,4890.0,4620.0,84.0,1620.0,13440.0,False,52.0,1.0,0.0,6930.0,347.0,29880.0,24990.0,73.0,97.0,82.0,72.0,85.0,100.0,69.0,81.0,78.0,0.1,0.13
2024-11-09,0,0,0,0,0,0,0,0,0,0,0,0,0,0,0.0,0,0,0,0,0,0,0,0,0,0,0,0,0,0,0,0,0,1,0,0,0,2,1,0,0,0,0,0,1,900,1500,1000,5000,0,7.0,1,0,0,0,1,0,0,1,1,0,1,0,0,0,1,0,0,1,0,1,0,0,1,0,0,0,0,0,0,0,0,0,0,0,1,0,0,0,0.0,0,0,0,0,0,0,0,0,0,0,0,0,0,1,0,0,0,0,0,0,81.0,77.0,83.0,78.0,73.0,57.0,100.0,89.0,14.625,58.875,48.0,5190.0,4050.0,85.0,1350.0,19440.0,False,52.0,0.0,0.0,4980.0,505.0,33660.0,28470.0,84.0,100.0,80.0,89.0,92.0,67.0,70.0,83.0,79.0,0.04,0.09
2024-11-10,0,0,0,0,0,0,0,0,0,0,0,0,0,0,4.0,0,0,0,0,0,0,0,0,0,0,0,1,0,0,0,0,0,2,0,0,0,2,1,0,0,0,0,0,1,900,1500,1000,5000,0,7.0,0,0,0,0,1,0,0,0,1,0,0,0,1,1,0,0,0,0,0,1,0,0,1,0,0,1,0,0,0,0,0,0,0,0,1,0,0,0,0.0,0,0,0,0,0,0,0,0,0,0,0,0,0,1,0,0,0,0,0,0,86.0,96.0,96.0,83.0,97.0,54.0,100.0,89.0,14.75,57.0,48.0,2726.0,5490.0,91.0,540.0,15870.0,False,48.0,0.0,0.0,7320.0,389.0,31406.0,28680.0,83.0,100.0,79.0,86.0,100.0,25.0,99.0,82.0,80.0,-0.14,0.01
2024-11-11,0,0,0,0,0,0,0,0,0,0,0,0,0,0,0.0,0,0,0,0,0,0,0,0,0,0,0,0,0,0,0,0,0,0,0,0,0,0,0,0,0,0,0,0,0,0,0,0,0,0,6.0,0,0,0,0,0,0,0,0,0,0,0,0,0,0,0,0,0,0,0,0,0,0,0,0,0,0,0,0,0,0,0,0,0,0,0,0,0,0,0.0,0,0,0,0,0,0,0,0,0,0,0,0,0,0,0,0,0,0,0,0,90.0,97.0,88.0,97.0,97.0,67.0,80.0,98.0,14.875,59.25,57.0,4825.0,6330.0,87.0,960.0,17550.0,False,47.0,1.0,0.0,7470.0,463.0,36175.0,31350.0,84.0,98.0,84.0,0.0,100.0,91.0,100.0,89.0,89.0,-0.22,-0.09
2024-11-12,0,0,0,0,0,0,0,0,0,0,0,0,0,0,4.0,0,0,0,0,0,0,0,0,0,0,1,1,0,0,0,0,0,0,0,0,0,0,0,0,0,0,0,0,1,900,1500,1000,5000,0,8.0,0,0,0,0,1,0,0,0,1,0,1,0,0,1,0,0,0,0,0,1,0,0,1,0,0,0,0,0,0,0,0,0,0,0,0,0,0,0,0.0,0,0,0,0,0,0,0,0,0,0,0,0,0,1,0,0,0,0,0,0,82.0,82.0,90.0,81.0,96.0,69.0,100.0,77.0,14.75,55.5,65.0,3493.0,4380.0,88.0,1290.0,14100.0,False,46.0,1.0,0.0,7140.0,377.0,29113.0,25620.0,94.0,93.0,85.0,92.0,91.0,72.0,100.0,85.0,87.0,-0.34,-0.21
2024-11-13,0,0,0,0,0,0,0,0,0,0,0,0,0,0,3.0,0,1,0,0,0,0,0,1,0,0,0,0,0,0,0,0,0,1,0,0,0,3,1,0,3,0,0,0,1,900,1500,1000,5000,0,5.0,0,1,0,0,1,0,0,0,0,0,1,0,0,1,1,0,0,0,0,1,0,0,1,0,0,0,0,0,0,0,0,0,0,0,0,0,0,0,0.0,0,0,0,0,0,0,0,0,0,0,0,1,0,1,0,0,0,0,0,0,91.0,97.0,83.0,78.0,98.0,79.0,100.0,95.0,14.375,53.375,61.0,5460.0,6630.0,85.0,450.0,15450.0,False,45.0,0.0,0.0,7860.0,277.0,35400.0,29940.0,88.0,99.0,86.0,82.0,100.0,8.0,100.0,98.0,83.0,-0.18,-0.21
2024-11-14,0,0,0,0,0,0,0,0,0,0,0,0,0,0,4.0,0,1,0,0,0,0,0,0,0,0,1,1,0,0,0,0,0,2,0,0,0,2,2,0,2,0,0,0,1,900,1500,1000,5000,0,6.0,0,0,0,0,1,0,0,0,0,0,1,0,0,1,1,0,0,0,0,1,0,0,1,0,0,0,0,0,0,0,0,0,0,0,0,0,0,0,0.0,0,0,0,0,0,0,0,1,0,0,0,0,0,0,0,0,0,0,0,0,85.0,97.0,97.0,75.0,99.0,62.0,91.0,86.0,14.125,55.5,54.0,2490.0,6270.0,92.0,360.0,13230.0,False,48.0,0.0,0.0,8430.0,453.0,30420.0,27930.0,96.0,100.0,87.0,89.0,97.0,100.0,96.0,93.0,92.0,-0.15,-0.16
2024-11-15,0,0,0,0,0,0,0,0,0,0,0,0,0,0,4.0,0,0,0,0,0,0,0,0,0,0,0,0,1,0,0,0,0,2,0,0,0,2,1,0,1,1,0,0,1,900,1500,1000,5000,0,7.0,1,0,0,0,1,0,0,1,0,0,1,0,0,0,0,0,1,1,0,0,0,0,1,0,0,0,0,0,0,0,0,0,0,0,0,0,0,0,0.0,0,0,0,0,0,0,0,0,0,0,0,0,0,0,0,0,0,0,0,0,79.0,96.0,74.0,19.0,97.0,75.0,89.0,86.0,14.875,55.75,53.0,6355.0,5820.0,81.0,2910.0,14520.0,False,47.0,0.0,0.0,7380.0,341.0,34075.0,27720.0,92.0,100.0,89.0,85.0,81.0,100.0,100.0,96.0,91.0,-0.08,-0.09
2024-11-16,0,0,0,0,0,0,0,0,0,0,0,0,0,0,3.0,0,1,0,0,0,0,0,0,0,0,0,1,0,0,0,0,0,0,0,0,0,0,0,0,0,0,0,0,0,0,0,0,0,0,6.0,0,0,0,1,1,0,0,0,0,0,1,0,0,1,0,0,1,0,0,0,0,0,0,0,0,0,0,0,0,0,0,0,0,0,0,0,0,0,0.0,0,0,0,0,0,0,0,0,0,0,0,0,0,1,0,0,0,0,0,0,83.0,94.0,90.0,54.0,91.0,49.0,99.0,94.0,14.25,52.5,60.0,4260.0,4950.0,88.0,1890.0,18660.0,False,46.0,0.0,0.0,6210.0,482.0,34080.0,29820.0,97.0,100.0,90.0,88.0,92.0,100.0,100.0,99.0,94.0,-0.16,-0.08
2024-11-17,0,0,0,0,0,0,0,0,0,0,0,0,0,0,3.0,0,0,0,0,0,0,0,0,0,0,0,0,0,0,0,0,0,2,0,0,0,1,1,0,1,0,0,0,0,0,0,0,0,0,7.0,0,0,0,1,1,0,0,0,0,0,1,0,0,1,0,0,1,0,0,0,0,0,1,0,0,0,0,0,0,0,0,0,0,0,1,0,0,0,0.0,0,0,0,0,0,0,0,0,0,0,0,0,0,1,0,0,0,0,0,0,86.0,90.0,88.0,81.0,96.0,61.0,82.0,96.0,14.5,54.25,61.0,4650.0,4800.0,87.0,1290.0,18540.0,False,46.0,0.0,0.0,7110.0,456.0,35100.0,30450.0,89.0,100.0,90.0,93.0,99.0,38.0,100.0,98.0,88.0,-0.14,-0.1
2024-11-18,0,0,0,0,0,0,0,0,0,0,0,0,0,0,3.0,0,1,0,0,0,0,0,0,0,1,0,0,1,0,0,0,0,0,0,0,0,0,0,0,0,0,0,0,1,900,1500,1000,5000,0,7.0,0,1,1,0,0,0,0,0,0,0,0,0,1,0,1,0,1,0,0,0,0,1,1,0,0,0,0,0,0,0,0,0,0,0,0,0,0,0,0.0,0,0,0,0,0,0,0,0,0,0,2,0,2,1,0,0,0,0,0,0,80.0,96.0,88.0,22.0,95.0,66.0,100.0,86.0,14.375,51.25,72.0,4200.0,5460.0,87.0,2700.0,15900.0,False,45.0,0.0,0.0,6540.0,385.0,32100.0,27900.0,99.0,98.0,93.0,91.0,85.0,100.0,100.0,97.0,93.0,-0.21,-0.13
2024-11-19,0,0,0,0,0,0,0,0,0,0,0,0,1,0,3.0,0,0,0,0,0,0,0,0,0,0,0,0,0,0,1,0,0,2,0,0,0,1,1,0,2,1,0,0,0,0,0,0,0,0,7.0,1,0,0,0,1,0,0,0,0,0,1,0,1,0,1,0,0,1,0,0,0,0,1,0,0,0,0,0,0,0,0,0,0,0,1,0,0,0,0.0,0,0,0,0,0,0,0,0,0,0,1,0,0,1,1,0,0,0,0,0,82.0,90.0,93.0,75.0,92.0,63.0,96.0,80.0,14.0,51.875,61.0,3131.0,4800.0,89.0,1410.0,15210.0,False,45.0,0.0,0.0,6270.0,383.0,29411.0,26280.0,96.0,99.0,91.0,80.0,89.0,98.0,100.0,98.0,93.0,-0.17,-0.15
2024-11-20,1,0,0,0,0,0,0,0,0,0,0,1,0,0,3.0,0,1,0,0,0,0,0,0,0,0,1,0,0,0,0,0,0,2,0,0,0,1,1,0,2,0,0,0,0,0,0,0,0,0,6.0,0,1,1,0,0,0,0,0,0,0,1,0,0,1,1,0,1,0,0,0,0,0,1,0,0,0,0,0,0,0,0,0,0,0,1,0,0,0,0.0,2,2,0,0,0,0,3,1,0,0,0,0,0,0,1,1,0,1,0,1,89.0,95.0,96.0,97.0,99.0,65.0,96.0,87.0,14.125,53.125,57.0,2880.0,5310.0,91.0,870.0,14490.0,False,46.0,0.0,0.0,8280.0,395.0,30960.0,28080.0,99.0,96.0,93.0,85.0,100.0,51.0,100.0,100.0,91.0,-0.25,-0.18
2024-11-21,1,0,0,0,0,0,0,0,0,0,0,1,1,0,3.5,0,0,0,0,0,0,0,0,0,0,0,0,0,0,0,0,0,2,0,0,0,2,1,0,2,1,0,0,0,0,0,0,0,0,7.0,0,1,0,0,1,0,0,0,0,0,0,0,1,1,0,0,0,1,0,0,0,0,1,0,0,0,0,0,0,0,0,0,0,0,0,0,0,0,0.0,2,2,0,0,0,0,1,0,0,0,0,0,0,1,1,0,0,0,0,1,86.0,96.0,88.0,67.0,94.0,62.0,87.0,97.0,14.5,56.0,52.0,4585.0,6150.0,87.0,210.0,18510.0,False,46.0,0.0,0.0,6390.0,372.0,35635.0,31050.0,100.0,100.0,93.0,82.0,100.0,100.0,100.0,100.0,96.0,-0.07,-0.12
2024-11-22,1,0,0,0,0,0,0,0,0,0,0,1,0,0,3.0,0,1,1,0,0,0,0,0,0,1,0,0,0,0,0,0,0,2,0,0,0,2,1,0,1,0,0,0,0,0,0,0,0,0,8.0,0,0,0,0,1,0,0,0,1,0,1,0,1,0,1,0,0,0,0,0,0,0,0,0,0,0,0,0,0,0,0,0,0,0,0,0,0,0,0.0,2,2,0,0,0,0,2,0,0,0,2,0,2,1,1,0,0,1,0,0,74.0,75.0,83.0,37.0,60.0,75.0,73.0,87.0,14.75,57.25,56.0,4980.0,4020.0,85.0,2250.0,20040.0,False,46.0,1.0,0.0,4140.0,413.0,33180.0,28200.0,97.0,100.0,93.0,88.0,74.0,58.0,100.0,97.0,87.0,0.06,-0.02
2024-11-25,2,0,0,0,0,1,0,0,0,0,0,1,0,0,3.0,0,0,0,0,0,0,0,0,0,1,0,0,0,0,0,0,0,2,0,0,0,2,1,0,2,0,0,0,1,900,1500,1000,5000,0,6.0,0,0,1,1,0,0,0,0,0,0,0,0,0,1,1,0,0,1,0,0,0,0,1,0,0,0,0,0,0,0,0,0,0,0,0,0,0,0,0.0,2,2,0,2,0,0,0,0,1,0,0,1,0,1,1,0,1,1,0,0,71.0,70.0,86.0,97.0,40.0,55.0,100.0,67.0,15.625,58.375,49.0,3750.0,3690.0,86.0,960.0,16560.0,False,50.0,0.0,0.0,2820.0,346.0,26820.0,23070.0,97.0,100.0,89.0,0.0,65.0,30.0,75.0,92.0,77.0,0.06,
2024-11-26,2,0,0,1,0,0,0,0,0,0,0,1,0,0,2.0,0,0,0,0,0,0,0,0,0,0,0,1,0,0,0,0,0,1,0,0,0,2,2,0,1,1,0,0,0,0,0,0,0,0,6.0,0,1,1,0,0,0,0,0,0,0,0,0,1,0,1,0,0,1,0,0,0,0,0,1,0,0,0,0,0,0,0,0,0,0,0,0,0,0,0.0,1,2,0,1,1,0,1,0,1,0,0,0,0,1,1,1,0,0,1,0,86.0,81.0,95.0,75.0,98.0,69.0,100.0,87.0,15.0,53.5,55.0,3000.0,4290.0,90.0,1410.0,15570.0,False,46.0,1.0,0.0,8220.0,359.0,31080.0,28080.0,100.0,100.0,90.0,81.0,100.0,100.0,100.0,100.0,95.0,-0.14,0.0
2024-11-27,2,0,0,0,0,0,0,0,1,0,0,1,1,0,4.0,0,1,0,0,0,0,0,0,0,0,0,0,0,0,0,0,0,2,0,0,0,1,1,0,1,0,0,0,0,0,0,0,0,0,8.0,0,0,1,0,0,0,0,0,0,0,1,0,1,1,1,0,0,0,0,0,0,0,0,1,0,0,0,0,0,0,0,0,0,0,1,0,0,0,0.0,1,2,0,0,0,0,0,0,1,0,0,0,0,1,0,0,0,0,1,0,83.0,96.0,96.0,83.0,79.0,63.0,66.0,89.0,15.0,53.375,54.0,2850.0,5970.0,91.0,570.0,17310.0,False,47.0,2.0,0.0,5370.0,506.0,31500.0,28650.0,94.0,100.0,87.0,84.0,94.0,55.0,95.0,91.0,87.0,0.05,0.0
2024-11-28,2,0,0,0,0,0,0,0,1,0,0,1,1,0,3.0,0,0,0,0,0,0,0,0,0,0,0,1,0,0,0,0,0,1,0,0,1,1,2,0,0,0,0,0,1,900,1500,1000,5000,0,8.0,0,0,0,1,1,0,1,0,1,0,1,0,1,1,1,0,0,1,0,0,0,0,1,0,0,0,0,0,0,0,0,0,0,0,1,0,0,0,0.0,2,2,0,0,0,0,1,0,0,0,0,0,0,0,0,0,0,0,1,0,70.0,70.0,76.0,20.0,71.0,55.0,60.0,92.0,14.875,63.0,55.0,6422.0,3720.0,82.0,2850.0,20790.0,False,47.0,0.0,0.0,4860.0,395.0,35792.0,29370.0,98.0,94.0,87.0,93.0,63.0,100.0,95.0,92.0,88.0,-0.32,-0.09
2024-11-29,2,0,0,1,0,0,0,0,1,1,0,1,0,0,3.0,0,1,0,0,0,0,0,0,0,0,0,0,0,0,0,0,0,2,0,0,0,2,1,0,1,0,0,0,1,900,1500,1000,5000,0,7.0,0,1,1,0,0,0,1,0,0,0,1,0,0,1,1,0,1,0,0,0,0,0,0,0,0,0,0,0,0,0,0,0,0,0,0,0,0,0,0.0,1,2,0,0,0,0,1,0,0,0,0,0,0,0,0,0,0,0,1,0,71.0,96.0,74.0,17.0,96.0,49.0,56.0,85.0,15.25,55.5,45.0,6565.0,5430.0,81.0,3120.0,15090.0,False,50.0,0.0,0.0,6930.0,451.0,34015.0,27450.0,95.0,100.0,82.0,84.0,63.0,100.0,74.0,90.0,83.0,-0.02,-0.09
2024-11-30,2,0,0,0,0,0,0,0,1,0,0,0,0,0,2.0,0,0,0,0,0,0,0,0,0,0,0,0,0,1,0,0,0,1,0,0,0,1,1,0,0,0,0,0,1,900,1500,1000,5000,0,8.0,0,1,0,0,1,0,1,0,1,0,1,0,1,1,1,0,0,0,0,1,0,0,1,0,0,0,0,0,0,0,0,0,0,0,0,0,0,0,0.0,2,2,0,0,0,0,2,0,0,0,0,0,0,1,0,0,0,0,1,0,88.0,96.0,99.0,97.0,96.0,50.0,79.0,97.0,14.75,54.5,55.0,2036.0,5670.0,94.0,840.0,17940.0,False,47.0,0.0,0.0,7140.0,559.0,32786.0,30750.0,99.0,96.0,87.0,91.0,100.0,46.0,95.0,97.0,89.0,0.11,0.0
2024-12-01,2,0,0,0,0,0,0,0,1,0,0,1,0,0,2.0,0,1,0,0,0,0,0,0,1,0,0,1,0,0,0,0,0,0,0,1,0,1,1,1,0,0,0,0,1,900,1500,1000,5000,0,8.0,0,1,1,0,0,0,0,1,1,0,0,0,1,0,0,0,0,0,0,1,0,0,0,0,0,0,0,0,0,0,0,0,0,0,1,0,0,0,0.0,2,3,0,0,0,0,2,0,0,0,0,0,0,0,0,0,0,0,1,0,79.0,96.0,90.0,86.0,80.0,52.0,54.0,88.0,14.75,54.5,58.0,3960.0,5610.0,88.0,1170.0,17190.0,False,48.0,0.0,0.0,5460.0,446.0,32220.0,28260.0,92.0,100.0,85.0,87.0,85.0,57.0,88.0,92.0,84.0,-0.06,0.05
2024-12-02,1,0,0,0,0,0,0,0,0,0,0,1,0,0,2.0,0,0,0,0,0,0,0,0,0,1,0,0,0,0,0,0,0,2,0,0,0,2,1,0,2,0,0,0,1,900,1500,1000,5000,0,7.0,0,0,1,1,0,0,1,0,0,0,0,1,1,0,1,0,0,0,0,0,0,0,1,0,0,1,0,0,0,0,0,0,0,0,1,0,0,0,0.0,1,2,0,0,0,0,1,0,0,0,0,0,0,1,0,1,0,0,1,0,71.0,70.0,74.0,62.0,82.0,67.0,100.0,64.0,15.125,54.25,49.0,5095.0,3720.0,81.0,1740.0,13080.0,False,50.0,2.0,0.0,5580.0,294.0,27475.0,22380.0,96.0,99.0,80.0,96.0,66.0,89.0,74.0,88.0,82.0,0.08,0.05
2024-12-05,2,0,0,0,0,0,0,0,1,0,0,1,1,0,3.0,0,1,0,0,0,0,0,0,0,0,0,1,0,0,0,0,0,2,0,0,0,2,1,0,2,1,0,0,0,900,1500,1000,0,0,8.0,0,1,0,0,1,0,0,0,0,0,1,0,1,0,1,0,0,0,0,0,0,0,0,0,0,1,0,0,0,0,0,0,0,0,1,0,0,0,0.0,1,2,0,0,0,0,1,0,0,0,1,0,2,0,0,1,0,0,1,0,78.0,78.0,81.0,94.0,76.0,75.0,55.0,80.0,14.75,57.875,49.0,5040.0,4140.0,84.0,1020.0,17040.0,False,49.0,0.0,0.0,5190.0,302.0,31410.0,26370.0,95.0,93.0,79.0,0.0,83.0,61.0,81.0,86.0,81.0,-0.35,
2024-12-06,0,0,0,1,0,0,0,0,1,1,0,1,0,0,2.0,0,0,0,0,0,0,0,0,0,0,0,1,0,0,0,0,0,2,0,0,1,1,2,0,1,1,0,0,0,900,1500,1000,0,0,6.0,0,1,0,0,1,0,1,0,1,0,1,0,0,0,1,0,0,0,0,0,0,0,1,0,0,0,0,0,0,0,0,0,0,0,1,0,0,0,0.0,2,2,0,0,0,0,1,0,0,0,0,0,0,0,0,1,0,0,1,0,88.0,95.0,96.0,97.0,95.0,57.0,72.0,96.0,14.5,57.25,47.0,2995.0,5100.0,91.0,960.0,18600.0,False,48.0,1.0,0.0,6600.0,446.0,33295.0,30300.0,93.0,96.0,78.0,89.0,100.0,21.0,88.0,92.0,83.0,0.11,-0.08
2024-12-07,2,0,0,0,0,0,0,0,1,0,0,1,1,0,2.0,0,1,0,0,0,0,0,0,0,0,0,1,0,0,0,0,0,2,0,0,0,2,2,0,1,0,0,0,0,900,1500,1000,0,0,6.0,1,0,0,0,1,0,0,0,1,0,1,0,0,0,1,0,0,0,0,0,0,0,0,0,0,0,0,0,0,0,0,0,0,0,1,0,0,0,0.0,1,2,0,0,0,0,1,0,0,0,0,0,0,0,0,0,0,0,1,0,85.0,96.0,88.0,83.0,96.0,59.0,54.0,98.0,14.5,55.25,56.0,4680.0,5460.0,87.0,570.0,18960.0,False,48.0,1.0,0.0,6960.0,469.0,36060.0,31380.0,93.0,100.0,83.0,87.0,98.0,100.0,88.0,91.0,90.0,0.02,0.01
2024-12-08,1,0,0,0,0,0,0,0,1,0,1,1,0,0,3.0,0,1,0,0,0,1,0,0,1,0,0,0,0,0,0,0,0,2,0,1,0,2,1,1,0,0,0,0,0,900,1500,1000,0,0,6.0,0,0,0,0,1,0,0,0,1,0,1,0,1,1,0,0,0,0,0,0,0,0,1,0,0,1,0,0,0,0,0,0,0,0,0,0,0,0,0.0,1,2,0,0,0,0,1,0,0,0,0,0,0,0,0,1,0,0,1,0,78.0,95.0,83.0,62.0,91.0,51.0,53.0,91.0,14.125,53.0,60.0,5130.0,5160.0,85.0,1740.0,17760.0,False,47.0,1.0,0.0,6210.0,449.0,34260.0,29130.0,87.0,97.0,82.0,96.0,80.0,100.0,96.0,92.0,89.0,-0.25,-0.02
2024-12-09,0,0,0,0,0,0,0,0,0,0,0,1,0,0,3.0,0,0,0,0,0,0,0,0,0,0,0,0,0,0,0,0,0,0,0,0,0,0,0,0,0,0,0,0,0,900,1500,1000,0,0,5.0,0,0,0,0,1,0,0,1,0,0,1,0,1,0,1,0,0,1,0,0,0,0,1,0,0,1,0,0,0,0,0,0,0,1,0,0,0,0,0.0,0,0,0,0,0,0,1,0,0,0,0,0,0,0,0,1,0,0,1,0,81.0,50.0,88.0,83.0,95.0,62.0,89.0,89.0,14.625,53.25,55.0,4435.0,2670.0,87.0,540.0,19350.0,False,48.0,0.0,0.0,6480.0,410.0,32935.0,28500.0,92.0,96.0,81.0,88.0,88.0,100.0,88.0,96.0,89.0,0.12,-0.01
2024-12-10,0,0,0,0,0,0,0,0,0,0,0,1,1,0,3.0,0,0,0,0,0,0,0,0,0,0,1,0,0,0,0,0,0,2,0,0,0,2,1,0,2,0,0,0,0,0,0,0,0,0,6.0,0,0,0,0,1,0,0,0,1,0,1,0,1,1,1,0,0,0,0,0,0,0,1,0,0,0,0,0,0,0,0,0,0,0,0,0,0,0,0.0,2,2,0,0,0,0,1,0,0,0,0,0,0,0,0,1,0,0,0,0,77.0,79.0,93.0,35.0,97.0,75.0,86.0,75.0,14.625,54.375,52.0,2970.0,4200.0,89.0,2340.0,13110.0,False,48.0,0.0,0.0,7680.0,333.0,27960.0,24990.0,87.0,100.0,84.0,89.0,78.0,90.0,88.0,92.0,86.0,-0.13,-0.01
2024-12-11,2,0,0,0,0,1,0,0,1,0,1,1,0,0,0.0,0,0,0,0,0,0,0,1,0,0,0,0,0,0,0,0,0,0,0,0,0,0,0,1,0,0,0,0,0,0,0,0,0,0,7.0,0,0,0,0,1,0,0,0,1,0,1,0,1,0,1,0,0,0,0,0,0,0,0,0,0,0,0,0,0,0,0,0,0,0,0,0,0,0,0.0,2,2,0,0,0,1,1,0,0,0,0,0,0,0,0,1,0,0,0,0,86.0,95.0,96.0,81.0,97.0,58.0,67.0,96.0,14.5,55.25,55.0,2878.0,5370.0,91.0,1290.0,17730.0,False,48.0,1.0,0.0,7470.0,466.0,33448.0,30570.0,85.0,100.0,86.0,78.0,100.0,100.0,88.0,100.0,91.0,-0.02,0.0
2024-12-12,0,0,0,0,0,0,0,0,0,0,0,2,1,0,2.0,0,1,0,0,0,0,0,1,0,0,0,0,0,0,0,0,0,0,0,0,0,0,0,0,0,0,0,0,0,0,0,0,0,0,7.0,0,1,0,0,1,0,0,0,0,0,1,0,0,0,0,0,0,0,0,0,0,0,0,0,0,1,0,0,0,0,0,0,0,1,0,0,0,0,0.0,3,3,0,0,0,1,1,0,0,0,0,0,0,0,0,1,0,0,0,0,63.0,96.0,79.0,16.0,64.0,62.0,65.0,61.0,14.875,57.5,46.0,4542.0,5610.0,83.0,3180.0,11700.0,False,52.0,0.0,0.0,4380.0,286.0,26232.0,21690.0,87.0,100.0,81.0,74.0,43.0,27.0,58.0,83.0,67.0,0.03,0.0
2024-12-13,1,0,0,0,0,0,0,0,0,0,0,1,0,0,3.0,0,0,0,0,0,0,0,0,0,0,0,0,0,0,0,0,0,2,0,0,0,1,1,0,0,0,0,0,0,900,1500,1000,0,0,7.0,0,0,0,0,1,0,1,1,1,0,1,1,1,0,1,0,0,1,0,1,0,0,0,0,0,0,0,0,0,0,0,0,0,0,0,0,0,0,0.0,2,3,0,0,0,0,0,0,0,0,0,1,0,0,0,1,0,0,0,0,81.0,88.0,90.0,86.0,63.0,59.0,60.0,95.0,15.25,59.875,48.0,4200.0,4650.0,88.0,630.0,21300.0,False,50.0,0.0,0.0,4290.0,418.0,34440.0,30240.0,86.0,97.0,85.0,83.0,91.0,100.0,74.0,98.0,87.0,0.1,0.07
2024-12-16,1,0,0,0,0,0,0,0,0,0,0,1,0,0,3.0,0,0,0,0,0,0,0,0,0,0,0,0,0,0,0,0,0,1,0,0,0,1,1,0,0,0,0,0,0,0,0,0,0,0,7.0,0,0,0,1,1,0,0,1,1,0,0,1,0,0,0,0,0,1,0,1,0,0,0,0,0,0,0,1,0,0,0,0,1,0,1,0,0,0,0.0,2,2,0,0,0,0,1,0,0,0,0,1,1,1,0,1,0,1,1,0,45.0,67.0,53.0,8.0,26.0,52.0,55.0,45.0,14.75,57.5,48.0,6840.0,3600.0,72.0,3750.0,12270.0,False,50.0,0.0,0.0,1830.0,232.0,24540.0,17700.0,88.0,100.0,76.0,76.0,1.0,60.0,74.0,74.0,65.0,-0.09,
2024-12-17,1,0,0,0,1,0,0,0,1,0,1,1,0,0,3.0,0,0,0,0,0,0,0,0,0,0,1,0,0,0,0,0,0,1,0,0,0,1,1,0,2,0,0,0,0,0,0,0,0,0,7.0,0,0,0,0,1,0,0,0,1,0,1,0,0,0,1,0,0,1,0,0,0,0,0,0,0,0,0,0,0,0,0,0,0,0,1,0,0,0,0.0,2,2,0,0,0,0,1,0,0,0,0,1,0,0,1,1,0,0,0,0,81.0,79.0,97.0,89.0,80.0,58.0,95.0,80.0,14.75,55.5,48.0,2305.0,4170.0,92.0,660.0,16740.0,False,48.0,2.0,0.0,5460.0,361.0,28675.0,26370.0,90.0,100.0,76.0,82.0,91.0,70.0,89.0,86.0,83.0,-0.11,-0.05
2024-12-18,2,0,0,1,0,0,0,0,0,1,0,1,0,0,3.0,0,0,0,0,0,0,0,0,0,0,0,0,0,0,0,0,0,2,0,0,0,1,1,1,1,1,0,0,0,900,1500,1000,0,0,7.0,0,0,0,0,1,0,0,0,1,0,1,0,0,0,1,0,0,0,0,1,0,0,0,0,0,0,0,0,0,0,0,0,0,0,0,0,0,0,0.0,2,2,0,0,0,0,0,0,0,0,0,1,0,0,0,1,0,0,1,0,78.0,80.0,69.0,56.0,98.0,51.0,48.0,100.0,14.875,57.625,51.0,9390.0,4260.0,79.0,1860.0,23760.0,False,50.0,0.0,0.0,8070.0,580.0,45480.0,36090.0,87.0,80.0,76.0,82.0,81.0,84.0,74.0,87.0,81.0,0.3,0.09
2024-12-19,1,0,0,0,0,0,0,0,0,0,0,0,1,0,3.0,0,0,0,0,0,0,0,0,0,0,1,1,0,1,0,0,0,2,0,0,0,1,1,0,2,0,0,0,0,900,1500,1000,0,0,7.0,0,0,0,0,0,1,0,0,1,0,0,0,1,0,1,0,0,1,0,0,0,0,1,0,0,0,0,0,0,0,0,0,0,0,0,0,0,0,0.0,2,2,0,0,0,0,1,0,0,0,0,1,0,0,1,1,0,0,1,0,80.0,95.0,86.0,97.0,96.0,57.0,59.0,79.0,14.625,56.625,45.0,4165.0,5220.0,86.0,840.0,13860.0,False,52.0,0.0,0.0,7110.0,365.0,30355.0,26190.0,90.0,100.0,69.0,85.0,84.0,51.0,59.0,71.0,73.0,-0.1,0.1
2024-12-20,0,0,0,0,0,1,0,0,1,0,1,1,0,1,4.0,0,1,0,0,0,0,0,0,0,0,0,0,0,0,0,0,0,2,0,0,0,1,1,0,1,1,0,0,0,900,1500,1000,0,0,8.0,0,0,0,0,1,0,0,0,0,0,0,1,1,0,1,0,0,1,0,1,0,0,1,0,0,0,0,0,0,0,0,0,0,0,0,0,0,0,0.0,1,2,0,0,0,2,1,0,0,0,0,0,1,0,0,1,0,0,1,0,88.0,96.0,86.0,78.0,97.0,61.0,79.0,100.0,14.875,59.0,54.0,5275.0,5910.0,86.0,450.0,20520.0,False,47.0,2.0,0.0,7350.0,534.0,39055.0,33780.0,90.0,77.0,79.0,85.0,100.0,73.0,98.0,97.0,89.0,0.34,0.19
2024-12-21,2,0,0,0,0,0,0,0,0,0,0,0,0,0,4.0,0,0,0,0,0,0,0,0,0,0,0,0,0,0,0,0,0,1,0,0,0,2,1,0,1,0,0,0,0,0,0,0,0,0,8.0,1,0,0,0,1,0,1,1,0,0,0,1,0,0,1,0,0,0,0,1,0,0,1,0,0,1,0,0,0,0,0,0,0,0,1,0,0,0,0.0,2,3,0,0,0,0,0,0,0,0,0,1,0,1,1,0,0,0,0,0,83.0,95.0,90.0,94.0,95.0,60.0,44.0,92.0,15.375,57.5,57.0,3870.0,5190.0,88.0,780.0,17490.0,False,48.0,0.0,0.0,6510.0,516.0,33060.0,29190.0,91.0,100.0,76.0,90.0,93.0,100.0,90.0,88.0,88.0,0.05,0.18
2024-12-22,2,0,0,0,0,0,0,0,1,0,0,0,0,0,3.0,0,0,0,0,0,0,0,0,0,0,0,1,0,0,0,0,0,1,0,0,0,2,2,0,1,0,0,0,0,0,0,0,0,0,7.0,0,1,0,0,1,0,1,1,0,0,0,1,0,0,0,0,0,0,0,1,0,0,0,0,0,0,0,0,0,0,0,0,1,1,0,0,0,0,0.0,3,3,0,0,0,1,1,1,0,0,0,0,0,0,1,0,0,1,0,0,69.0,95.0,60.0,1.0,88.0,62.0,43.0,89.0,14.75,56.375,53.0,9630.0,5070.0,75.0,6090.0,17520.0,False,49.0,0.0,0.0,6000.0,326.0,38220.0,28590.0,90.0,98.0,76.0,88.0,58.0,69.0,83.0,95.0,79.0,0.09,0.16
2024-12-24,2,0,0,0,0,0,0,0,0,0,0,1,0,0,3.0,0,0,0,0,0,0,0,0,0,0,0,1,0,0,0,0,0,2,0,0,0,2,1,0,1,0,0,0,0,900,1500,1000,0,0,5.0,0,0,0,0,0,1,0,0,1,0,0,0,0,0,1,0,1,0,0,1,0,0,0,0,0,0,0,1,0,0,0,0,0,0,0,0,0,0,0.0,1,1,0,0,1,0,1,2,0,0,0,1,1,0,0,1,0,0,1,0,80.0,95.0,74.0,97.0,98.0,62.0,64.0,79.0,14.125,55.0,57.0,5995.0,5160.0,81.0,870.0,13170.0,False,47.0,1.0,0.0,7770.0,302.0,32095.0,26100.0,87.0,98.0,85.0,69.0,86.0,100.0,98.0,94.0,88.0,0.08,0.13
2024-12-25,1,0,0,0,0,0,0,0,0,0,0,1,1,0,3.0,0,0,0,0,0,0,0,0,0,0,0,0,0,0,0,0,0,2,0,0,1,1,1,0,1,0,0,0,0,900,1500,1000,0,0,7.0,0,0,0,1,1,0,0,0,0,0,0,1,0,1,1,0,1,0,0,0,0,1,0,0,0,1,0,0,0,0,0,0,0,0,0,0,0,0,0.0,1,2,0,0,0,1,1,0,0,0,0,1,0,0,1,0,0,0,0,0,88.0,97.0,86.0,86.0,99.0,77.0,47.0,100.0,14.75,55.125,52.0,3570.0,5490.0,89.0,600.0,16710.0,False,48.0,1.0,0.0,7950.0,425.0,33720.0,30150.0,86.0,98.0,82.0,91.0,96.0,100.0,90.0,100.0,91.0,-0.21,0.0
2024-12-26,2,0,0,1,0,1,0,0,0,0,0,1,0,1,4.0,0,0,0,0,0,0,0,0,1,0,0,0,0,1,0,0,0,2,0,0,0,1,2,1,1,0,0,0,0,900,1500,1000,0,0,8.0,0,1,0,0,0,1,0,0,0,0,0,0,0,1,0,0,1,1,0,0,0,0,1,1,0,0,0,0,0,0,0,0,0,1,1,0,0,0,4.0,2,2,0,0,0,0,2,0,0,0,0,1,0,2,1,0,0,1,0,0,81.0,93.0,83.0,91.0,97.0,56.0,44.0,91.0,14.25,55.875,52.0,5000.0,4830.0,85.0,1080.0,16530.0,False,48.0,1.0,0.0,7590.0,456.0,33950.0,28950.0,89.0,100.0,85.0,89.0,88.0,100.0,90.0,93.0,89.0,-0.11,-0.06
2024-12-27,1,0,0,0,0,0,0,0,0,0,0,1,1,0,4.0,0,1,0,0,0,0,0,0,0,0,0,0,0,0,0,0,0,1,0,0,0,1,1,0,0,0,0,240,1,900,1000,1000,5000,0,7.0,0,0,0,1,0,1,0,1,0,0,1,1,1,0,0,0,0,1,0,1,0,0,1,0,0,0,0,0,0,0,0,0,0,0,0,0,0,0,4.0,2,3,0,0,0,2,1,0,0,0,0,1,0,2,1,0,0,0,0,0,76.0,37.0,98.0,72.0,91.0,59.0,22.0,100.0,14.625,56.125,46.0,2289.0,1980.0,93.0,300.0,24060.0,False,50.0,0.0,0.0,6210.0,578.0,34539.0,32250.0,81.0,100.0,81.0,88.0,76.0,100.0,75.0,100.0,84.0,0.0,-0.04
2024-12-28,0,1,0,0,0,0,0,0,0,0,0,1,0,0,4.0,0,0,0,0,0,0,0,0,0,0,0,1,0,0,0,0,0,1,0,0,0,1,2,0,0,0,0,0,0,0,0,0,0,0,8.0,0,1,0,1,0,0,1,1,0,0,1,0,1,0,0,0,1,0,0,0,0,0,1,0,0,1,0,1,0,0,0,0,1,0,1,0,0,0,4.0,2,3,0,0,0,1,0,0,0,0,0,1,0,2,0,0,0,0,1,0,78.0,95.0,93.0,51.0,90.0,51.0,32.0,97.0,14.5,53.625,55.0,3678.0,5010.0,89.0,1950.0,19890.0,False,47.0,1.0,0.0,6090.0,477.0,34668.0,30990.0,89.0,98.0,86.0,94.0,81.0,100.0,98.0,98.0,91.0,-0.2,-0.05
2024-12-29,2,1,0,0,0,0,0,0,1,0,0,1,0,0,3.0,0,0,0,0,0,0,0,0,0,0,0,0,0,0,0,0,0,0,0,0,0,1,2,1,0,0,0,240,1,900,1000,1000,5000,0,8.0,0,0,0,0,1,0,1,0,0,0,1,0,1,0,0,0,1,0,0,1,0,0,1,0,0,1,0,0,0,0,0,1,0,0,1,0,0,0,0.0,3,3,0,0,0,1,0,0,1,0,0,0,0,1,0,0,0,0,1,0,68.0,90.0,60.0,1.0,97.0,58.0,13.0,95.0,15.125,58.625,42.0,10170.0,4740.0,75.0,6150.0,17550.0,False,51.0,2.0,0.0,7500.0,440.0,39960.0,29790.0,76.0,98.0,74.0,34.0,57.0,100.0,68.0,100.0,74.0,0.09,0.0
2024-12-30,1,1,0,0,0,0,0,0,1,0,0,1,1,0,3.0,0,1,0,0,0,0,0,0,0,0,0,0,0,0,0,0,0,2,0,0,0,1,0,0,1,0,0,240,0,0,0,0,0,0,7.0,1,0,1,0,0,0,0,0,0,0,1,0,1,0,0,0,1,0,0,1,0,0,1,0,0,0,0,0,0,0,0,1,0,1,1,0,0,0,5.0,1,2,0,0,0,0,0,0,1,0,0,0,0,0,0,0,0,0,1,0,63.0,64.0,39.0,1.0,65.0,60.0,21.0,100.0,14.875,60.25,42.0,17040.0,3330.0,66.0,7650.0,24660.0,False,51.0,0.0,0.0,4470.0,584.0,49500.0,32460.0,80.0,100.0,78.0,68.0,47.0,100.0,69.0,100.0,76.0,-0.13,-0.01
2024-12-31,1,0,0,0,0,0,0,0,1,0,0,1,0,0,3.0,0,1,0,0,0,0,0,0,0,0,0,0,0,0,0,1,0,2,0,0,1,1,1,0,1,0,0,0,0,0,0,0,0,0,7.0,0,0,0,0,0,0,1,0,0,0,0,0,0,0,1,0,1,0,0,1,0,0,1,0,0,1,0,0,0,0,0,1,0,1,0,0,0,0,4.0,1,2,0,0,0,0,0,0,0,0,0,0,2,0,0,1,0,0,1,0,74.0,87.0,83.0,94.0,85.0,60.0,24.0,78.0,14.375,52.625,59.0,4590.0,4530.0,85.0,780.0,15510.0,False,46.0,1.0,0.0,5790.0,365.0,30420.0,25830.0,86.0,100.0,84.0,98.0,75.0,100.0,100.0,97.0,89.0,-0.01,0.0
2025-01-02,1,0,0,1,0,0,0,0,1,0,0,1,0,0,3.0,0,0,0,0,0,0,1,0,0,0,0,0,0,0,0,0,0,2,0,0,0,1,1,0,1,1,0,0,1,900,0,1000,5000,0,8.0,1,0,0,0,0,1,0,0,0,0,0,0,1,0,1,0,0,0,0,1,0,0,0,0,0,0,0,0,0,0,0,0,0,0,0,0,0,0,4.0,1,2,0,0,0,0,1,0,0,0,0,0,1,0,0,0,0,0,1,0,84.0,96.0,96.0,89.0,100.0,68.0,24.0,96.0,14.625,52.0,55.0,2965.0,6120.0,91.0,1140.0,15510.0,False,47.0,0.0,0.0,8820.0,381.0,33415.0,30450.0,80.0,100.0,80.0,0.0,98.0,82.0,99.0,100.0,89.0,-0.02,0.04
2025-01-03,1,0,0,0,0,0,0,0,1,0,0,1,1,0,4.0,0,0,0,1,0,0,0,0,0,0,0,0,0,0,0,0,0,2,0,0,0,1,1,0,2,1,0,0,1,900,0,1000,5000,0,8.0,0,1,0,0,1,0,0,0,0,0,0,0,1,0,1,0,0,0,0,0,0,0,1,1,0,0,0,0,0,0,0,0,0,0,1,0,0,0,4.0,2,2,0,0,0,0,1,0,0,0,0,0,1,1,0,1,0,0,0,0,79.0,82.0,96.0,67.0,77.0,70.0,23.0,96.0,14.875,56.625,49.0,3035.0,4320.0,91.0,180.0,20820.0,False,48.0,1.0,0.0,5250.0,374.0,33425.0,30390.0,84.0,94.0,75.0,91.0,87.0,86.0,91.0,100.0,87.0,-0.32,-0.12
2025-01-04,2,0,0,0,1,0,0,0,0,0,0,1,0,0,4.0,0,1,0,0,0,0,0,0,0,0,0,0,0,0,0,0,0,1,0,0,1,1,2,1,0,0,0,0,0,0,0,0,0,0,8.0,1,0,0,0,1,0,0,1,1,0,1,0,0,0,1,0,0,0,0,1,0,0,1,0,0,0,0,1,0,0,0,1,0,0,1,0,0,0,5.0,2,3,0,0,0,0,0,0,0,0,0,0,1,1,1,1,0,0,1,0,84.0,95.0,90.0,94.0,97.0,63.0,20.0,97.0,14.625,53.875,53.0,3480.0,4440.0,89.0,990.0,16620.0,False,46.0,1.0,0.0,7260.0,446.0,31800.0,28320.0,84.0,99.0,83.0,82.0,82.0,74.0,100.0,97.0,87.0,-0.16,-0.15
2025-01-05,2,0,0,1,0,0,0,0,0,1,0,1,0,0,4.0,1,1,0,0,0,0,0,0,0,0,0,1,0,0,0,0,0,1,0,0,0,2,2,0,0,0,0,0,0,0,0,0,0,0,7.0,0,1,0,0,1,0,1,0,0,0,1,0,1,0,0,0,0,0,0,1,0,0,1,0,0,0,0,0,0,0,0,1,0,0,1,0,0,0,4.0,2,2,0,0,0,0,1,0,0,0,0,0,0,1,0,0,0,0,1,0,80.0,96.0,79.0,81.0,99.0,60.0,23.0,96.0,14.75,53.75,47.0,6085.0,5760.0,83.0,480.0,16200.0,False,48.0,0.0,0.0,8430.0,441.0,36475.0,30390.0,82.0,95.0,77.0,84.0,88.0,100.0,90.0,100.0,88.0,0.12,-0.04
2025-01-06,1,0,0,0,0,0,0,0,0,0,0,1,0,0,3.0,0,0,0,0,0,0,0,0,0,1,0,0,0,0,0,0,0,0,0,0,1,0,0,0,0,0,0,120,1,900,0,1000,5000,0,7.0,0,0,0,1,1,0,1,0,0,0,1,0,0,0,0,0,1,0,0,0,0,0,0,0,0,1,0,0,0,0,0,0,0,0,0,0,0,0,2.0,2,2,0,0,0,0,0,0,1,0,0,0,0,1,1,1,0,0,0,0,64.0,73.0,88.0,75.0,39.0,63.0,95.0,51.0,14.875,54.5,51.0,2760.0,3810.0,87.0,360.0,12540.0,False,50.0,0.0,0.0,2730.0,220.0,21840.0,19080.0,88.0,97.0,82.0,90.0,50.0,60.0,75.0,83.0,75.0,0.1,0.09
2025-01-07,1,0,1,0,0,0,0,0,0,0,0,1,1,0,3.0,0,0,0,0,0,0,0,0,0,0,1,1,0,0,0,0,0,2,0,0,0,3,1,0,2,0,0,0,0,0,0,0,0,0,7.0,0,1,0,0,1,0,0,0,0,0,1,0,0,1,1,0,1,0,0,0,0,0,0,0,0,1,0,0,0,0,0,0,0,0,1,0,0,0,4.0,2,2,0,0,0,0,1,0,0,0,0,0,0,1,0,1,0,0,0,0,84.0,94.0,88.0,86.0,83.0,69.0,100.0,80.0,14.75,51.625,57.0,3925.0,4920.0,87.0,1200.0,15720.0,False,46.0,1.0,0.0,5670.0,352.0,30235.0,26310.0,88.0,100.0,84.0,85.0,98.0,100.0,100.0,94.0,91.0,0.06,0.12
2025-01-08,2,0,1,0,0,1,0,0,1,0,1,1,0,0,4.0,0,1,0,0,0,0,0,0,0,0,1,0,0,0,0,0,0,2,0,0,0,1,2,0,2,0,1,0,0,0,0,500,0,0,7.0,0,1,1,0,0,0,1,0,0,0,1,0,0,1,0,0,0,0,0,0,0,0,0,0,0,1,0,0,0,0,0,0,0,1,0,0,0,0,4.0,2,2,0,0,3,0,1,0,0,0,0,0,1,0,0,0,0,0,1,0,74.0,86.0,97.0,72.0,51.0,69.0,80.0,72.0,14.5,57.375,51.0,2010.0,4470.0,92.0,300.0,16260.0,False,47.0,0.0,0.0,3540.0,294.0,26280.0,24270.0,82.0,98.0,79.0,73.0,75.0,32.0,97.0,79.0,75.0,-0.2,0.0
2025-01-10,2,0,0,0,0,1,0,0,1,0,0,1,0,0,3.0,0,1,0,0,0,0,0,0,0,0,0,0,0,0,0,0,0,2,0,0,0,1,2,0,1,1,1,0,0,900,1000,500,5000,0,8.0,0,0,0,1,0,1,0,1,1,0,0,0,0,0,1,0,0,1,0,0,0,0,1,0,0,0,0,0,0,0,0,0,0,0,0,0,0,0,0.0,2,3,0,1,1,0,1,0,0,0,0,1,1,1,0,1,0,0,1,0,82.0,92.0,95.0,81.0,98.0,59.0,50.0,90.0,15.0,56.0,51.0,3090.0,4770.0,90.0,480.0,15990.0,False,49.0,0.0,0.0,7890.0,455.0,31740.0,28650.0,87.0,100.0,83.0,0.0,93.0,100.0,82.0,78.0,84.0,0.03,0.01
2025-01-11,2,0,0,0,0,0,0,0,1,0,0,1,0,0,4.0,0,1,0,0,0,1,0,0,0,0,0,0,0,0,0,0,0,2,0,0,0,2,2,0,2,0,1,0,0,900,1000,500,5000,0,8.0,0,0,0,1,1,0,1,1,0,0,1,0,0,0,0,0,0,1,0,0,0,0,1,0,0,1,0,0,0,0,0,0,0,0,1,0,0,0,4.0,2,3,0,1,1,0,1,0,0,0,0,0,0,1,0,0,0,0,1,0,80.0,96.0,90.0,17.0,100.0,61.0,65.0,97.0,14.75,52.75,61.0,4195.0,5610.0,88.0,3090.0,14940.0,False,46.0,0.0,0.0,10290.0,496.0,35035.0,30840.0,76.0,95.0,87.0,84.0,85.0,70.0,100.0,80.0,83.0,0.12,0.12
2025-01-12,2,0,0,1,0,0,0,0,1,0,0,1,1,0,4.0,0,0,0,0,0,1,0,0,0,0,0,1,0,0,0,0,0,1,0,0,0,2,2,0,0,0,0,0,1,900,0,1000,5000,38,8.0,1,0,0,0,1,0,0,0,0,0,1,1,0,0,1,0,0,0,0,0,0,0,1,0,0,0,0,0,0,0,0,0,0,0,0,0,0,0,0.0,1,2,0,1,0,2,1,0,0,0,0,1,0,2,0,0,0,0,1,0,74.0,74.0,86.0,78.0,97.0,52.0,41.0,81.0,14.5,53.75,62.0,4169.0,3900.0,86.0,1380.0,15450.0,False,46.0,0.0,0.0,7230.0,427.0,30749.0,26580.0,82.0,95.0,87.0,83.0,72.0,94.0,100.0,76.0,84.0,-0.29,-0.02
2025-01-13,1,0,0,0,0,0,0,0,0,0,0,1,0,0,3.0,0,1,0,0,0,0,0,0,0,1,0,1,0,0,0,0,0,0,0,0,0,0,0,0,0,0,0,0,1,900,0,0,5000,38,7.0,0,1,0,0,1,0,0,0,0,0,1,0,1,1,1,0,0,0,0,0,0,0,0,0,0,0,0,0,0,0,0,0,0,0,0,0,0,0,0.0,2,2,0,0,0,1,1,0,0,0,0,1,0,2,0,1,0,0,0,0,69.0,65.0,79.0,94.0,66.0,61.0,95.0,56.0,15.0,62.75,57.0,4050.0,3390.0,83.0,990.0,12450.0,False,45.0,1.0,0.0,4530.0,237.0,24420.0,20370.0,75.0,100.0,88.0,85.0,63.0,72.0,100.0,73.0,79.0,-0.02,-0.06
2025-01-14,2,0,1,0,0,0,0,0,1,0,1,1,0,0,4.0,0,0,0,0,0,0,0,0,0,0,0,0,0,0,0,0,0,0,0,0,0,0,0,0,0,0,0,0,0,0,0,0,0,0,7.0,0,1,0,0,1,0,0,0,0,0,1,0,0,0,1,0,0,0,0,0,0,0,1,0,0,0,0,0,0,0,0,0,0,0,0,0,0,0,0.0,2,2,0,0,0,1,2,0,0,0,0,0,0,2,0,1,0,0,1,0,69.0,60.0,88.0,40.0,87.0,69.0,81.0,67.0,14.25,53.875,67.0,3450.0,3150.0,87.0,2220.0,13950.0,False,45.0,0.0,0.0,5910.0,230.0,26460.0,23010.0,87.0,96.0,92.0,84.0,63.0,82.0,100.0,76.0,82.0,-0.25,-0.13
2025-01-15,2,0,0,1,0,0,0,0,1,0,1,0,0,0,4.0,0,0,0,1,0,0,0,0,0,0,0,0,0,0,0,0,0,0,0,0,0,0,0,0,0,1,0,0,1,900,0,0,5000,38,7.0,1,0,0,0,1,0,0,0,0,0,1,0,0,1,1,0,0,0,0,0,0,0,1,1,0,1,0,0,0,0,0,0,0,0,1,0,0,0,5.0,2,2,0,0,0,1,1,0,0,0,1,1,1,2,0,0,0,0,1,0,86.0,98.0,65.0,97.0,100.0,59.0,58.0,100.0,14.375,54.125,56.0,9990.0,7020.0,77.0,930.0,16980.0,False,45.0,0.0,0.0,8730.0,480.0,42720.0,32730.0,75.0,100.0,89.0,80.0,100.0,100.0,100.0,81.0,89.0,0.0,-0.07
2025-01-16,2,0,1,0,0,0,1,0,1,0,0,1,1,0,5.0,0,0,0,0,0,0,0,0,0,0,1,1,0,0,0,0,0,0,0,0,0,0,0,0,0,0,0,0,0,0,0,0,0,0,8.0,0,1,0,0,1,0,0,0,0,0,1,0,0,1,0,0,0,0,0,0,0,0,1,1,0,0,0,0,0,0,0,0,0,0,1,0,0,0,4.0,2,2,0,0,0,0,1,1,0,0,0,1,0,2,0,1,0,0,1,0,67.0,95.0,79.0,29.0,73.0,53.0,49.0,75.0,14.625,53.375,55.0,5075.0,5310.0,83.0,2460.0,14730.0,False,48.0,0.0,0.0,4950.0,381.0,30065.0,24990.0,88.0,100.0,92.0,90.0,57.0,87.0,85.0,66.0,79.0,-0.13,-0.07
2025-01-17,2,0,1,1,0,0,0,0,1,0,0,1,1,0,4.0,0,1,0,0,0,0,0,0,0,0,0,0,0,0,0,0,1,2,0,0,0,3,1,1,2,1,0,0,1,900,0,1000,5000,38,6.0,0,1,0,0,1,0,1,0,0,0,0,0,1,1,0,0,0,0,0,1,0,0,1,0,0,1,1,0,0,0,0,0,0,0,0,0,0,0,3.0,1,2,0,0,1,0,0,0,0,0,0,1,2,2,0,0,0,0,1,0,76.0,90.0,90.0,94.0,61.0,81.0,100.0,59.0,14.625,54.875,51.0,2760.0,4740.0,88.0,990.0,12060.0,False,49.0,0.0,0.0,4170.0,223.0,23730.0,20970.0,76.0,100.0,90.0,77.0,80.0,63.0,77.0,70.0,76.0,0.0,-0.02
2025-01-18,1,0,0,0,0,0,0,0,0,0,0,0,1,0,4.0,0,1,0,0,0,0,0,0,0,0,0,0,0,0,0,0,0,0,0,0,0,1,1,1,0,0,0,0,0,0,0,0,0,0,8.0,0,0,0,1,1,0,1,1,0,0,1,1,1,0,0,0,0,1,0,1,0,0,1,0,0,1,0,0,0,0,0,0,0,0,1,0,1,0,4.0,3,3,0,0,0,0,2,0,0,0,0,1,1,2,0,0,0,0,1,0,82.0,96.0,96.0,75.0,100.0,61.0,41.0,91.0,14.75,53.625,60.0,2880.0,5880.0,91.0,360.0,13050.0,False,47.0,0.0,0.0,10110.0,426.0,31920.0,29040.0,80.0,95.0,92.0,77.0,90.0,100.0,92.0,78.0,87.0,0.12,0.05
2025-01-19,1,0,0,0,0,0,0,0,1,0,0,1,0,0,3.0,0,1,0,0,0,0,0,0,0,0,0,0,0,0,0,0,0,1,0,0,0,1,1,0,0,0,0,0,1,900,0,1000,5000,38,8.0,1,0,0,0,1,0,0,0,0,0,0,1,1,0,1,0,0,1,0,1,0,0,1,0,0,1,0,0,0,0,0,0,0,0,0,0,0,0,5.0,2,2,0,0,0,1,1,0,0,0,0,1,1,1,0,1,0,0,1,0,78.0,92.0,72.0,83.0,96.0,68.0,58.0,80.0,14.75,52.375,67.0,6630.0,4800.0,80.0,1260.0,14490.0,False,44.0,1.0,0.0,6900.0,326.0,32820.0,26190.0,86.0,96.0,92.0,88.0,82.0,61.0,100.0,68.0,82.0,-0.25,-0.01
2025-01-20,2,0,0,1,0,0,0,0,1,0,0,0,0,0,4.0,0,0,0,0,0,0,0,0,0,0,0,1,0,0,0,0,0,1,0,0,0,1,1,0,1,0,0,0,1,900,0,1000,5000,38,7.0,0,1,0,0,1,0,1,0,1,0,1,0,1,1,0,0,1,0,0,0,0,0,1,0,0,1,0,0,0,0,0,0,0,0,0,0,0,0,5.0,2,2,0,0,1,0,1,0,0,0,0,1,2,1,0,0,0,0,1,1,81.0,97.0,76.0,83.0,98.0,56.0,40.0,95.0,15.0,56.0,51.0,6685.0,6240.0,82.0,1230.0,15840.0,False,48.0,0.0,0.0,8040.0,419.0,36805.0,30120.0,80.0,94.0,89.0,82.0,90.0,100.0,84.0,78.0,85.0,0.13,0.0
2025-01-21,1,0,1,0,0,0,0,0,0,0,0,1,0,0,4.0,0,1,0,0,0,0,0,0,0,0,1,1,0,0,0,0,0,2,0,0,0,3,1,0,2,0,0,240,0,0,0,0,0,0,6.0,1,0,0,0,1,0,0,0,0,0,0,0,0,1,1,0,1,0,0,0,0,1,1,0,0,1,0,0,0,0,0,0,0,0,1,0,0,0,4.0,2,2,0,0,0,0,0,0,0,0,0,0,0,0,0,1,0,0,1,0,69.0,65.0,86.0,72.0,82.0,74.0,76.0,56.0,14.625,53.25,54.0,3330.0,3390.0,86.0,1500.0,11430.0,False,49.0,0.0,0.0,5550.0,323.0,23700.0,20370.0,81.0,100.0,91.0,0.0,63.0,72.0,76.0,66.0,74.0,-0.15,-0.02
2025-01-22,2,0,1,0,0,0,0,0,1,0,0,1,0,1,4.0,0,1,0,0,0,0,1,0,0,0,1,1,0,0,0,0,0,2,0,0,0,2,2,0,2,0,0,0,0,0,0,0,0,0,6.0,0,1,0,0,0,1,0,0,0,0,0,0,0,0,1,0,0,1,0,0,0,0,0,0,0,1,0,0,0,0,0,0,0,0,0,0,0,0,4.0,2,2,0,0,0,1,1,0,0,0,0,0,0,1,0,0,0,0,1,0,73.0,86.0,79.0,67.0,83.0,64.0,68.0,70.0,14.5,55.125,60.0,4860.0,4500.0,83.0,1620.0,13500.0,False,48.0,0.0,0.0,5700.0,308.0,28560.0,23700.0,85.0,100.0,91.0,77.0,73.0,91.0,84.0,75.0,81.0,0.04,0.01
2025-01-23,2,0,1,0,0,0,0,0,1,0,1,1,1,0,4.0,0,0,0,0,0,0,0,1,0,0,1,1,0,0,0,0,0,0,0,0,0,0,0,0,0,0,0,0,0,0,0,0,0,0,8.0,0,0,1,1,0,0,0,0,0,0,0,0,0,1,1,0,1,0,0,0,0,0,0,0,0,1,0,0,0,0,0,0,0,0,0,0,0,0,3.0,3,2,0,1,0,0,1,0,0,0,0,1,0,2,0,0,0,0,1,0,74.0,78.0,93.0,59.0,85.0,59.0,100.0,66.0,15.25,56.875,57.0,2845.0,4080.0,89.0,1770.0,12840.0,False,47.0,0.0,0.0,5790.0,303.0,25555.0,22710.0,80.0,94.0,89.0,78.0,73.0,4.0,91.0,68.0,72.0,0.13,0.07
2025-01-24,1,0,1,0,0,0,0,0,0,0,0,1,1,0,4.0,0,1,0,0,0,0,1,0,0,0,1,1,0,0,0,0,0,1,0,0,0,2,1,0,2,0,0,0,0,0,0,0,0,0,7.0,0,0,0,1,1,0,0,0,0,0,0,0,0,1,1,0,1,0,0,0,0,1,0,0,0,1,0,0,0,0,0,0,0,0,0,0,0,0,3.0,2,2,0,0,0,0,1,0,0,0,0,1,0,2,0,1,0,0,1,0,68.0,80.0,74.0,46.0,53.0,60.0,93.0,71.0,15.0,57.625,52.0,5518.0,4200.0,81.0,2100.0,16140.0,False,51.0,0.0,0.0,3660.0,285.0,29518.0,24000.0,86.0,100.0,89.0,75.0,60.0,70.0,61.0,67.0,72.0,0.0,0.09
